采集时间,整体路况代码,整体路况描述,平均车速(km/h),畅通率(%),拥堵率(%),阻塞率(%),道路名称,道路状态,速度(km/h),行驶方向,方向角度
2026-04-27 16:30:06,1,畅通,36.5,100.00%,0.00%,0.00%,珞喻路,畅通,40,从珞狮路到喻家湖路,341
2026-04-27 16:30:06,1,畅通,36.5,100.00%,0.00%,0.00%,珞喻路,畅通,40,从喻家湖路到珞狮路,161
2026-04-27 16:30:06,1,畅通,36.5,100.00%,0.00%,0.00%,民族大道,畅通,50,从雄楚大道到珞喻路,83
2026-04-27 16:30:06,1,畅通,36.5,100.00%,0.00%,0.00%,民族大道,畅通,37,从珞喻路到大学园路,258
2026-04-27 16:30:06,1,畅通,36.5,100.00%,0.00%,0.00%,虎泉街,畅通,30,从卓刀泉南路到民族大道,341
2026-04-27 16:30:06,1,畅通,36.5,100.00%,0.00%,0.00%,虎泉街,畅通,30,从民族大道到卓刀泉南路,160
2026-04-27 16:30:06,1,畅通,36.5,100.00%,0.00%,0.00%,鲁磨路,畅通,35,从珞喻路到喻家山北路,67
2026-04-27 16:30:06,1,畅通,36.5,100.00%,0.00%,0.00%,鲁磨路,畅通,30,从团山路到珞喻路,243
2026-04-27 16:30:09,1,畅通,36.5,100.00%,0.00%,0.00%,珞喻路,畅通,40,从珞狮路到喻家湖路,341
2026-04-27 16:30:09,1,畅通,36.5,100.00%,0.00%,0.00%,珞喻路,畅通,40,从喻家湖路到珞狮路,161
2026-04-27 16:30:09,1,畅通,36.5,100.00%,0.00%,0.00%,民族大道,畅通,50,从雄楚大道到珞喻路,83
2026-04-27 16:30:09,1,畅通,36.5,100.00%,0.00%,0.00%,民族大道,畅通,37,从珞喻路到大学园路,258
2026-04-27 16:30:09,1,畅通,36.5,100.00%,0.00%,0.00%,虎泉街,畅通,30,从卓刀泉南路到民族大道,341
2026-04-27 16:30:09,1,畅通,36.5,100.00%,0.00%,0.00%,虎泉街,畅通,30,从民族大道到卓刀泉南路,160
2026-04-27 16:30:09,1,畅通,36.5,100.00%,0.00%,0.00%,鲁磨路,畅通,35,从珞喻路到喻家山北路,67
2026-04-27 16:30:09,1,畅通,36.5,100.00%,0.00%,0.00%,鲁磨路,畅通,30,从团山路到珞喻路,243
2026-04-27 16:32:09,2,缓行,35.6,87.50%,12.50%,0.00%,珞喻路,畅通,40,从珞狮路到喻家湖路,341
2026-04-27 16:32:09,2,缓行,35.6,87.50%,12.50%,0.00%,珞喻路,畅通,40,从喻家湖路到珞狮路,161
2026-04-27 16:32:09,2,缓行,35.6,87.50%,12.50%,0.00%,民族大道,畅通,50,从雄楚大道到珞喻路,83
2026-04-27 16:32:09,2,缓行,35.6,87.50%,12.50%,0.00%,虎泉街,畅通,30,从卓刀泉南路到民族大道,341
2026-04-27 16:32:09,2,缓行,35.6,87.50%,12.50%,0.00%,虎泉街,畅通,30,从民族大道到卓刀泉南路,160
2026-04-27 16:32:09,2,缓行,35.6,87.50%,12.50%,0.00%,鲁磨路,畅通,35,从珞喻路到喻家山北路,67
2026-04-27 16:32:09,2,缓行,35.6,87.50%,12.50%,0.00%,鲁磨路,畅通,35,从团山路到珞喻路,243
2026-04-27 16:34:09,2,缓行,33.1,75.00%,25.00%,0.00%,珞喻路,畅通,40,从珞狮路到喻家湖路,341
2026-04-27 16:34:09,2,缓行,33.1,75.00%,25.00%,0.00%,珞喻路,畅通,40,从喻家湖路到珞狮路,161
2026-04-27 16:34:09,2,缓行,33.1,75.00%,25.00%,0.00%,民族大道,畅通,50,从雄楚大道到珞喻路,83
2026-04-27 16:34:09,2,缓行,33.1,75.00%,25.00%,0.00%,虎泉街,畅通,30,从卓刀泉南路到民族大道,341
2026-04-27 16:34:09,2,缓行,33.1,75.00%,25.00%,0.00%,鲁磨路,畅通,35,从珞喻路到喻家山北路,67
2026-04-27 16:34:09,2,缓行,33.1,75.00%,25.00%,0.00%,鲁磨路,畅通,30,从团山路到珞喻路,243
2026-04-27 16:36:09,2,缓行,33.1,75.00%,25.00%,0.00%,珞喻路,畅通,40,从珞狮路到喻家湖路,341
2026-04-27 16:36:09,2,缓行,33.1,75.00%,25.00%,0.00%,珞喻路,畅通,40,从喻家湖路到珞狮路,161
2026-04-27 16:36:09,2,缓行,33.1,75.00%,25.00%,0.00%,民族大道,畅通,50,从雄楚大道到珞喻路,83
2026-04-27 16:36:09,2,缓行,33.1,75.00%,25.00%,0.00%,虎泉街,畅通,25,从卓刀泉南路到民族大道,341
2026-04-27 16:36:09,2,缓行,33.1,75.00%,25.00%,0.00%,鲁磨路,畅通,35,从珞喻路到喻家山北路,67
2026-04-27 16:36:09,2,缓行,33.1,75.00%,25.00%,0.00%,鲁磨路,畅通,35,从团山路到珞喻路,243
2026-04-27 16:38:09,2,缓行,33.1,75.00%,25.00%,0.00%,珞喻路,畅通,40,从珞狮路到喻家湖路,341
2026-04-27 16:38:09,2,缓行,33.1,75.00%,25.00%,0.00%,珞喻路,畅通,40,从喻家湖路到珞狮路,161
2026-04-27 16:38:09,2,缓行,33.1,75.00%,25.00%,0.00%,民族大道,畅通,50,从雄楚大道到珞喻路,83
2026-04-27 16:38:09,2,缓行,33.1,75.00%,25.00%,0.00%,虎泉街,畅通,25,从卓刀泉南路到民族大道,341
2026-04-27 16:38:09,2,缓行,33.1,75.00%,25.00%,0.00%,鲁磨路,畅通,35,从珞喻路到喻家山北路,67
2026-04-27 16:38:09,2,缓行,33.1,75.00%,25.00%,0.00%,鲁磨路,畅通,35,从团山路到珞喻路,243
2026-04-27 16:40:10,2,缓行,35.9,87.50%,12.50%,0.00%,珞喻路,畅通,40,从珞狮路到喻家湖路,341
2026-04-27 16:40:10,2,缓行,35.9,87.50%,12.50%,0.00%,珞喻路,畅通,45,从喻家湖路到珞狮路,161
2026-04-27 16:40:10,2,缓行,35.9,87.50%,12.50%,0.00%,民族大道,畅通,50,从雄楚大道到珞喻路,83
2026-04-27 16:40:10,2,缓行,35.9,87.50%,12.50%,0.00%,民族大道,畅通,37,从珞喻路到大学园路,258
2026-04-27 16:40:10,2,缓行,35.9,87.50%,12.50%,0.00%,虎泉街,畅通,25,从卓刀泉南路到民族大道,341
2026-04-27 16:40:10,2,缓行,35.9,87.50%,12.50%,0.00%,鲁磨路,畅通,35,从珞喻路到喻家山北路,67
2026-04-27 16:40:10,2,缓行,35.9,87.50%,12.50%,0.00%,鲁磨路,畅通,35,从团山路到珞喻路,243
2026-04-27 16:42:10,2,缓行,35.2,87.50%,12.50%,0.00%,珞喻路,畅通,40,从珞狮路到喻家湖路,341
2026-04-27 16:42:10,2,缓行,35.2,87.50%,12.50%,0.00%,珞喻路,畅通,40,从喻家湖路到珞狮路,161
2026-04-27 16:42:10,2,缓行,35.2,87.50%,12.50%,0.00%,民族大道,畅通,50,从雄楚大道到珞喻路,83
2026-04-27 16:42:10,2,缓行,35.2,87.50%,12.50%,0.00%,民族大道,畅通,37,从珞喻路到大学园路,258
2026-04-27 16:42:10,2,缓行,35.2,87.50%,12.50%,0.00%,虎泉街,畅通,25,从卓刀泉南路到民族大道,341
2026-04-27 16:42:10,2,缓行,35.2,87.50%,12.50%,0.00%,鲁磨路,畅通,35,从珞喻路到喻家山北路,67
2026-04-27 16:42:10,2,缓行,35.2,87.50%,12.50%,0.00%,鲁磨路,畅通,35,从团山路到珞喻路,243
2026-04-27 16:44:10,2,缓行,34.5,87.50%,12.50%,0.00%,珞喻路,畅通,40,从珞狮路到喻家湖路,341
2026-04-27 16:44:10,2,缓行,34.5,87.50%,12.50%,0.00%,珞喻路,畅通,35,从喻家湖路到珞狮路,161
2026-04-27 16:44:10,2,缓行,34.5,87.50%,12.50%,0.00%,民族大道,畅通,50,从雄楚大道到珞喻路,83
2026-04-27 16:44:10,2,缓行,34.5,87.50%,12.50%,0.00%,民族大道,畅通,36,从珞喻路到大学园路,258
2026-04-27 16:44:10,2,缓行,34.5,87.50%,12.50%,0.00%,虎泉街,畅通,25,从卓刀泉南路到民族大道,341
2026-04-27 16:44:10,2,缓行,34.5,87.50%,12.50%,0.00%,鲁磨路,畅通,35,从珞喻路到喻家山北路,67
2026-04-27 16:44:10,2,缓行,34.5,87.50%,12.50%,0.00%,鲁磨路,畅通,35,从团山路到珞喻路,243
2026-04-27 16:46:10,1,畅通,32.6,100.00%,0.00%,0.00%,珞喻路,畅通,40,从珞狮路到喻家湖路,341
2026-04-27 16:46:10,1,畅通,32.6,100.00%,0.00%,0.00%,珞喻路,畅通,35,从喻家湖路到珞狮路,161
2026-04-27 16:46:10,1,畅通,32.6,100.00%,0.00%,0.00%,民族大道,畅通,30,从汤逊湖北路到珞喻路,79
2026-04-27 16:46:10,1,畅通,32.6,100.00%,0.00%,0.00%,民族大道,畅通,36,从珞喻路到大学园路,258
2026-04-27 16:46:10,1,畅通,32.6,100.00%,0.00%,0.00%,虎泉街,畅通,30,从卓刀泉南路到民族大道,341
2026-04-27 16:46:10,1,畅通,32.6,100.00%,0.00%,0.00%,虎泉街,畅通,30,从民族大道到卓刀泉南路,160
2026-04-27 16:46:10,1,畅通,32.6,100.00%,0.00%,0.00%,鲁磨路,畅通,30,从珞喻路到喻家山北路,67
2026-04-27 16:46:10,1,畅通,32.6,100.00%,0.00%,0.00%,鲁磨路,畅通,30,从团山路到珞喻路,243
2026-04-27 16:48:10,1,畅通,32.6,100.00%,0.00%,0.00%,珞喻路,畅通,40,从珞狮路到喻家湖路,341
2026-04-27 16:48:10,1,畅通,32.6,100.00%,0.00%,0.00%,珞喻路,畅通,35,从喻家湖路到珞狮路,161
2026-04-27 16:48:10,1,畅通,32.6,100.00%,0.00%,0.00%,民族大道,畅通,30,从汤逊湖北路到珞喻路,79
2026-04-27 16:48:10,1,畅通,32.6,100.00%,0.00%,0.00%,民族大道,畅通,36,从珞喻路到大学园路,258
2026-04-27 16:48:10,1,畅通,32.6,100.00%,0.00%,0.00%,虎泉街,畅通,30,从卓刀泉南路到民族大道,341
2026-04-27 16:48:10,1,畅通,32.6,100.00%,0.00%,0.00%,虎泉街,畅通,30,从民族大道到卓刀泉南路,160
2026-04-27 16:48:10,1,畅通,32.6,100.00%,0.00%,0.00%,鲁磨路,畅通,30,从珞喻路到喻家山北路,67
2026-04-27 16:48:10,1,畅通,32.6,100.00%,0.00%,0.00%,鲁磨路,畅通,30,从团山路到珞喻路,243
2026-04-27 16:50:11,1,畅通,36.5,100.00%,0.00%,0.00%,珞喻路,畅通,40,从珞狮路到喻家湖路,341
2026-04-27 16:50:11,1,畅通,36.5,100.00%,0.00%,0.00%,珞喻路,畅通,40,从喻家湖路到珞狮路,161
2026-04-27 16:50:11,1,畅通,36.5,100.00%,0.00%,0.00%,民族大道,畅通,30,从汤逊湖北路到珞喻路,79
2026-04-27 16:50:11,1,畅通,36.5,100.00%,0.00%,0.00%,民族大道,畅通,37,从珞喻路到大学园路,258
2026-04-27 16:50:11,1,畅通,36.5,100.00%,0.00%,0.00%,虎泉街,畅通,50,从雄楚大道到民族大道,2
2026-04-27 16:50:11,1,畅通,36.5,100.00%,0.00%,0.00%,虎泉街,畅通,30,从民族大道到卓刀泉南路,160
2026-04-27 16:50:11,1,畅通,36.5,100.00%,0.00%,0.00%,鲁磨路,畅通,30,从珞喻路到喻家山北路,67
2026-04-27 16:50:11,1,畅通,36.5,100.00%,0.00%,0.00%,鲁磨路,畅通,35,从团山路到珞喻路,243
2026-04-27 16:52:11,1,畅通,33.4,100.00%,0.00%,0.00%,珞喻路,畅通,40,从珞狮路到喻家湖路,341
2026-04-27 16:52:11,1,畅通,33.4,100.00%,0.00%,0.00%,珞喻路,畅通,40,从喻家湖路到珞狮路,161
2026-04-27 16:52:11,1,畅通,33.4,100.00%,0.00%,0.00%,民族大道,畅通,30,从汤逊湖北路到珞喻路,79
2026-04-27 16:52:11,1,畅通,33.4,100.00%,0.00%,0.00%,民族大道,畅通,37,从珞喻路到大学园路,258
2026-04-27 16:52:11,1,畅通,33.4,100.00%,0.00%,0.00%,虎泉街,畅通,30,从卓刀泉南路到民族大道,341
2026-04-27 16:52:11,1,畅通,33.4,100.00%,0.00%,0.00%,虎泉街,畅通,25,从民族大道到卓刀泉南路,160
2026-04-27 16:52:11,1,畅通,33.4,100.00%,0.00%,0.00%,鲁磨路,畅通,30,从珞喻路到喻家山北路,67
2026-04-27 16:52:11,1,畅通,33.4,100.00%,0.00%,0.00%,鲁磨路,畅通,35,从团山路到珞喻路,243
2026-04-27 16:54:11,1,畅通,33.4,100.00%,0.00%,0.00%,珞喻路,畅通,40,从珞狮路到喻家湖路,341
2026-04-27 16:54:11,1,畅通,33.4,100.00%,0.00%,0.00%,珞喻路,畅通,40,从喻家湖路到珞狮路,161
2026-04-27 16:54:11,1,畅通,33.4,100.00%,0.00%,0.00%,民族大道,畅通,30,从汤逊湖北路到珞喻路,79
2026-04-27 16:54:11,1,畅通,33.4,100.00%,0.00%,0.00%,民族大道,畅通,37,从珞喻路到大学园路,258
2026-04-27 16:54:11,1,畅通,33.4,100.00%,0.00%,0.00%,虎泉街,畅通,30,从卓刀泉南路到民族大道,341
2026-04-27 16:54:11,1,畅通,33.4,100.00%,0.00%,0.00%,虎泉街,畅通,25,从民族大道到卓刀泉南路,160
2026-04-27 16:54:11,1,畅通,33.4,100.00%,0.00%,0.00%,鲁磨路,畅通,30,从珞喻路到喻家山北路,67
2026-04-27 16:54:11,1,畅通,33.4,100.00%,0.00%,0.00%,鲁磨路,畅通,35,从团山路到珞喻路,243
2026-04-27 16:56:11,1,畅通,37.1,100.00%,0.00%,0.00%,珞喻路,畅通,40,从珞狮路到喻家湖路,341
2026-04-27 16:56:11,1,畅通,37.1,100.00%,0.00%,0.00%,珞喻路,畅通,40,从喻家湖路到珞狮路,161
2026-04-27 16:56:11,1,畅通,37.1,100.00%,0.00%,0.00%,民族大道,畅通,35,从汤逊湖北路到珞喻路,79
2026-04-27 16:56:11,1,畅通,37.1,100.00%,0.00%,0.00%,民族大道,畅通,37,从珞喻路到大学园路,258
2026-04-27 16:56:11,1,畅通,37.1,100.00%,0.00%,0.00%,虎泉街,畅通,50,从雄楚大道到民族大道,2
2026-04-27 16:56:11,1,畅通,37.1,100.00%,0.00%,0.00%,虎泉街,畅通,30,从民族大道到卓刀泉南路,160
2026-04-27 16:56:11,1,畅通,37.1,100.00%,0.00%,0.00%,鲁磨路,畅通,30,从珞喻路到喻家山北路,67
2026-04-27 16:56:11,1,畅通,37.1,100.00%,0.00%,0.00%,鲁磨路,畅通,35,从团山路到珞喻路,243
2026-04-27 16:58:11,1,畅通,37.1,100.00%,0.00%,0.00%,珞喻路,畅通,40,从珞狮路到喻家湖路,341
2026-04-27 16:58:11,1,畅通,37.1,100.00%,0.00%,0.00%,珞喻路,畅通,40,从喻家湖路到珞狮路,161
2026-04-27 16:58:11,1,畅通,37.1,100.00%,0.00%,0.00%,民族大道,畅通,35,从汤逊湖北路到珞喻路,79
2026-04-27 16:58:11,1,畅通,37.1,100.00%,0.00%,0.00%,民族大道,畅通,37,从珞喻路到大学园路,258
2026-04-27 16:58:11,1,畅通,37.1,100.00%,0.00%,0.00%,虎泉街,畅通,50,从雄楚大道到民族大道,2
2026-04-27 16:58:11,1,畅通,37.1,100.00%,0.00%,0.00%,虎泉街,畅通,30,从民族大道到卓刀泉南路,160
2026-04-27 16:58:11,1,畅通,37.1,100.00%,0.00%,0.00%,鲁磨路,畅通,30,从珞喻路到喻家山北路,67
2026-04-27 16:58:11,1,畅通,37.1,100.00%,0.00%,0.00%,鲁磨路,畅通,35,从团山路到珞喻路,243
2026-04-27 17:00:12,1,畅通,33.4,100.00%,0.00%,0.00%,珞喻路,畅通,40,从珞狮路到喻家湖路,341
2026-04-27 17:00:12,1,畅通,33.4,100.00%,0.00%,0.00%,珞喻路,畅通,40,从喻家湖路到珞狮路,161
2026-04-27 17:00:12,1,畅通,33.4,100.00%,0.00%,0.00%,民族大道,畅通,35,从汤逊湖北路到珞喻路,79
2026-04-27 17:00:12,1,畅通,33.4,100.00%,0.00%,0.00%,民族大道,畅通,37,从珞喻路到大学园路,258
2026-04-27 17:00:12,1,畅通,33.4,100.00%,0.00%,0.00%,虎泉街,畅通,25,从卓刀泉南路到民族大道,341
2026-04-27 17:00:12,1,畅通,33.4,100.00%,0.00%,0.00%,虎泉街,畅通,30,从民族大道到卓刀泉南路,160
2026-04-27 17:00:12,1,畅通,33.4,100.00%,0.00%,0.00%,鲁磨路,畅通,30,从珞喻路到喻家山北路,67
2026-04-27 17:00:12,1,畅通,33.4,100.00%,0.00%,0.00%,鲁磨路,畅通,30,从团山路到珞喻路,243
2026-04-27 17:02:12,1,畅通,32.8,100.00%,0.00%,0.00%,珞喻路,畅通,40,从珞狮路到喻家湖路,341
2026-04-27 17:02:12,1,畅通,32.8,100.00%,0.00%,0.00%,珞喻路,畅通,40,从喻家湖路到珞狮路,161
2026-04-27 17:02:12,1,畅通,32.8,100.00%,0.00%,0.00%,民族大道,畅通,30,从汤逊湖北路到珞喻路,79
2026-04-27 17:02:12,1,畅通,32.8,100.00%,0.00%,0.00%,民族大道,畅通,37,从珞喻路到大学园路,258
2026-04-27 17:02:12,1,畅通,32.8,100.00%,0.00%,0.00%,虎泉街,畅通,30,从卓刀泉南路到民族大道,341
2026-04-27 17:02:12,1,畅通,32.8,100.00%,0.00%,0.00%,虎泉街,畅通,25,从民族大道到卓刀泉南路,160
2026-04-27 17:02:12,1,畅通,32.8,100.00%,0.00%,0.00%,鲁磨路,畅通,30,从珞喻路到喻家山北路,67
2026-04-27 17:02:12,1,畅通,32.8,100.00%,0.00%,0.00%,鲁磨路,畅通,30,从团山路到珞喻路,243
2026-04-27 17:04:12,1,畅通,32.8,100.00%,0.00%,0.00%,珞喻路,畅通,40,从珞狮路到喻家湖路,341
2026-04-27 17:04:12,1,畅通,32.8,100.00%,0.00%,0.00%,珞喻路,畅通,40,从喻家湖路到珞狮路,161
2026-04-27 17:04:12,1,畅通,32.8,100.00%,0.00%,0.00%,民族大道,畅通,35,从汤逊湖北路到珞喻路,79
2026-04-27 17:04:12,1,畅通,32.8,100.00%,0.00%,0.00%,民族大道,畅通,32,从珞喻路到大学园路,258
2026-04-27 17:04:12,1,畅通,32.8,100.00%,0.00%,0.00%,虎泉街,畅通,25,从卓刀泉南路到民族大道,341
2026-04-27 17:04:12,1,畅通,32.8,100.00%,0.00%,0.00%,虎泉街,畅通,30,从民族大道到卓刀泉南路,160
2026-04-27 17:04:12,1,畅通,32.8,100.00%,0.00%,0.00%,鲁磨路,畅通,30,从珞喻路到喻家山北路,67
2026-04-27 17:04:12,1,畅通,32.8,100.00%,0.00%,0.00%,鲁磨路,畅通,30,从团山路到珞喻路,243
2026-04-27 17:06:12,1,畅通,35.9,100.00%,0.00%,0.00%,珞喻路,畅通,40,从珞狮路到喻家湖路,341
2026-04-27 17:06:12,1,畅通,35.9,100.00%,0.00%,0.00%,珞喻路,畅通,40,从喻家湖路到珞狮路,161
2026-04-27 17:06:12,1,畅通,35.9,100.00%,0.00%,0.00%,民族大道,畅通,30,从汤逊湖北路到珞喻路,79
2026-04-27 17:06:12,1,畅通,35.9,100.00%,0.00%,0.00%,民族大道,畅通,37,从珞喻路到大学园路,258
2026-04-27 17:06:12,1,畅通,35.9,100.00%,0.00%,0.00%,虎泉街,畅通,50,从雄楚大道到民族大道,2
2026-04-27 17:06:12,1,畅通,35.9,100.00%,0.00%,0.00%,虎泉街,畅通,30,从民族大道到卓刀泉南路,160
2026-04-27 17:06:12,1,畅通,35.9,100.00%,0.00%,0.00%,鲁磨路,畅通,30,从珞喻路到喻家山北路,67
2026-04-27 17:06:12,1,畅通,35.9,100.00%,0.00%,0.00%,鲁磨路,畅通,30,从团山路到珞喻路,243
2026-04-27 17:08:13,2,缓行,33.1,87.50%,12.50%,0.00%,珞喻路,畅通,40,从珞狮路到喻家湖路,341
2026-04-27 17:08:13,2,缓行,33.1,87.50%,12.50%,0.00%,珞喻路,畅通,40,从喻家湖路到珞狮路,161
2026-04-27 17:08:13,2,缓行,33.1,87.50%,12.50%,0.00%,民族大道,畅通,30,从汤逊湖北路到珞喻路,79
2026-04-27 17:08:13,2,缓行,33.1,87.50%,12.50%,0.00%,虎泉街,畅通,50,从雄楚大道到民族大道,2
2026-04-27 17:08:13,2,缓行,33.1,87.50%,12.50%,0.00%,虎泉街,畅通,25,从民族大道到卓刀泉南路,160
2026-04-27 17:08:13,2,缓行,33.1,87.50%,12.50%,0.00%,鲁磨路,畅通,30,从珞喻路到喻家山北路,67
2026-04-27 17:08:13,2,缓行,33.1,87.50%,12.50%,0.00%,鲁磨路,畅通,30,从团山路到珞喻路,243
2026-04-27 17:10:13,2,缓行,35.6,87.50%,12.50%,0.00%,珞喻路,畅通,40,从珞狮路到喻家湖路,341
2026-04-27 17:10:13,2,缓行,35.6,87.50%,12.50%,0.00%,珞喻路,畅通,40,从喻家湖路到珞狮路,161
2026-04-27 17:10:13,2,缓行,35.6,87.50%,12.50%,0.00%,民族大道,畅通,35,从汤逊湖北路到珞喻路,79
2026-04-27 17:10:13,2,缓行,35.6,87.50%,12.50%,0.00%,虎泉街,畅通,50,从雄楚大道到民族大道,2
2026-04-27 17:10:13,2,缓行,35.6,87.50%,12.50%,0.00%,虎泉街,畅通,30,从民族大道到卓刀泉南路,160
2026-04-27 17:10:13,2,缓行,35.6,87.50%,12.50%,0.00%,鲁磨路,畅通,35,从珞喻路到喻家山北路,67
2026-04-27 17:10:13,2,缓行,35.6,87.50%,12.50%,0.00%,鲁磨路,畅通,30,从团山路到珞喻路,243
2026-04-27 17:12:13,2,缓行,31.9,87.50%,12.50%,0.00%,珞喻路,畅通,40,从珞狮路到喻家湖路,341
2026-04-27 17:12:13,2,缓行,31.9,87.50%,12.50%,0.00%,珞喻路,畅通,40,从喻家湖路到珞狮路,161
2026-04-27 17:12:13,2,缓行,31.9,87.50%,12.50%,0.00%,民族大道,畅通,35,从汤逊湖北路到珞喻路,79
2026-04-27 17:12:13,2,缓行,31.9,87.50%,12.50%,0.00%,虎泉街,畅通,25,从卓刀泉南路到民族大道,341
2026-04-27 17:12:13,2,缓行,31.9,87.50%,12.50%,0.00%,虎泉街,畅通,30,从民族大道到卓刀泉南路,160
2026-04-27 17:12:13,2,缓行,31.9,87.50%,12.50%,0.00%,鲁磨路,畅通,30,从珞喻路到喻家山北路,67
2026-04-27 17:12:13,2,缓行,31.9,87.50%,12.50%,0.00%,鲁磨路,畅通,30,从团山路到珞喻路,243
2026-04-27 17:14:13,2,缓行,32.5,75.00%,25.00%,0.00%,珞喻路,畅通,40,从珞狮路到喻家湖路,341
2026-04-27 17:14:13,2,缓行,32.5,75.00%,25.00%,0.00%,珞喻路,畅通,40,从喻家湖路到珞狮路,161
2026-04-27 17:14:13,2,缓行,32.5,75.00%,25.00%,0.00%,民族大道,畅通,30,从汤逊湖北路到珞喻路,79
2026-04-27 17:14:13,2,缓行,32.5,75.00%,25.00%,0.00%,虎泉街,畅通,50,从雄楚大道到民族大道,2
2026-04-27 17:14:13,2,缓行,32.5,75.00%,25.00%,0.00%,鲁磨路,畅通,30,从珞喻路到喻家山北路,67
2026-04-27 17:14:13,2,缓行,32.5,75.00%,25.00%,0.00%,鲁磨路,畅通,30,从团山路到珞喻路,243
2026-04-27 17:16:13,2,缓行,32.5,75.00%,25.00%,0.00%,珞喻路,畅通,40,从珞狮路到喻家湖路,341
2026-04-27 17:16:13,2,缓行,32.5,75.00%,25.00%,0.00%,珞喻路,畅通,40,从喻家湖路到珞狮路,161
2026-04-27 17:16:13,2,缓行,32.5,75.00%,25.00%,0.00%,民族大道,畅通,30,从汤逊湖北路到珞喻路,79
2026-04-27 17:16:13,2,缓行,32.5,75.00%,25.00%,0.00%,虎泉街,畅通,50,从雄楚大道到民族大道,2
2026-04-27 17:16:13,2,缓行,32.5,75.00%,25.00%,0.00%,鲁磨路,畅通,30,从珞喻路到喻家山北路,67
2026-04-27 17:16:13,2,缓行,32.5,75.00%,25.00%,0.00%,鲁磨路,畅通,30,从团山路到珞喻路,243
2026-04-27 17:18:14,2,缓行,32.5,75.00%,12.50%,12.50%,民族大道,缓行,20,从珞喻路到南湖大道,263
2026-04-27 17:18:14,2,缓行,32.5,75.00%,12.50%,12.50%,珞喻路,畅通,45,从珞狮路到喻家湖路,341
2026-04-27 17:18:14,2,缓行,32.5,75.00%,12.50%,12.50%,珞喻路,畅通,45,从喻家湖路到珞狮路,161
2026-04-27 17:18:14,2,缓行,32.5,75.00%,12.50%,12.50%,民族大道,畅通,30,从汤逊湖北路到珞喻路,79
2026-04-27 17:18:14,2,缓行,32.5,75.00%,12.50%,12.50%,虎泉街,畅通,50,从雄楚大道到民族大道,2
2026-04-27 17:18:14,2,缓行,32.5,75.00%,12.50%,12.50%,鲁磨路,畅通,30,从珞喻路到喻家山北路,67
2026-04-27 17:18:14,2,缓行,32.5,75.00%,12.50%,12.50%,鲁磨路,畅通,30,从团山路到珞喻路,243
2026-04-27 17:20:14,2,缓行,30.6,75.00%,12.50%,12.50%,民族大道,缓行,15,从珞喻路到南湖大道,263
2026-04-27 17:20:14,2,缓行,30.6,75.00%,12.50%,12.50%,珞喻路,畅通,40,从珞狮路到喻家湖路,341
2026-04-27 17:20:14,2,缓行,30.6,75.00%,12.50%,12.50%,珞喻路,畅通,40,从喻家湖路到珞狮路,161
2026-04-27 17:20:14,2,缓行,30.6,75.00%,12.50%,12.50%,民族大道,畅通,30,从汤逊湖北路到珞喻路,79
2026-04-27 17:20:14,2,缓行,30.6,75.00%,12.50%,12.50%,虎泉街,畅通,50,从雄楚大道到民族大道,2
2026-04-27 17:20:14,2,缓行,30.6,75.00%,12.50%,12.50%,鲁磨路,畅通,30,从珞喻路到喻家山北路,67
2026-04-27 17:20:14,2,缓行,30.6,75.00%,12.50%,12.50%,鲁磨路,畅通,30,从团山路到珞喻路,243
2026-04-27 17:22:14,2,缓行,32.5,75.00%,25.00%,0.00%,民族大道,缓行,20,从珞喻路到南湖大道,263
2026-04-27 17:22:14,2,缓行,32.5,75.00%,25.00%,0.00%,珞喻路,畅通,40,从珞狮路到喻家湖路,341
2026-04-27 17:22:14,2,缓行,32.5,75.00%,25.00%,0.00%,珞喻路,畅通,40,从喻家湖路到珞狮路,161
2026-04-27 17:22:14,2,缓行,32.5,75.00%,25.00%,0.00%,虎泉街,畅通,50,从雄楚大道到民族大道,2
2026-04-27 17:22:14,2,缓行,32.5,75.00%,25.00%,0.00%,鲁磨路,畅通,30,从珞喻路到喻家山北路,67
2026-04-27 17:22:14,2,缓行,32.5,75.00%,25.00%,0.00%,鲁磨路,畅通,30,从团山路到珞喻路,243
2026-04-27 17:24:14,2,缓行,31.2,75.00%,25.00%,0.00%,民族大道,缓行,15,从珞喻路到南湖大道,263
2026-04-27 17:24:14,2,缓行,31.2,75.00%,25.00%,0.00%,珞喻路,畅通,40,从珞狮路到喻家湖路,341
2026-04-27 17:24:14,2,缓行,31.2,75.00%,25.00%,0.00%,珞喻路,畅通,40,从喻家湖路到珞狮路,161
2026-04-27 17:24:14,2,缓行,31.2,75.00%,25.00%,0.00%,民族大道,畅通,30,从汤逊湖北路到珞喻路,79
2026-04-27 17:24:14,2,缓行,31.2,75.00%,25.00%,0.00%,虎泉街,畅通,50,从雄楚大道到民族大道,2
2026-04-27 17:24:14,2,缓行,31.2,75.00%,25.00%,0.00%,鲁磨路,畅通,30,从珞喻路到喻家山北路,67
2026-04-27 17:24:14,2,缓行,31.2,75.00%,25.00%,0.00%,鲁磨路,畅通,30,从团山路到珞喻路,243
2026-04-27 17:26:14,2,缓行,34.4,75.00%,25.00%,0.00%,民族大道,缓行,20,从珞喻路到南湖大道,263
2026-04-27 17:26:14,2,缓行,34.4,75.00%,25.00%,0.00%,珞喻路,畅通,40,从珞狮路到喻家湖路,341
2026-04-27 17:26:14,2,缓行,34.4,75.00%,25.00%,0.00%,珞喻路,畅通,40,从喻家湖路到珞狮路,161
2026-04-27 17:26:14,2,缓行,34.4,75.00%,25.00%,0.00%,民族大道,畅通,50,从雄楚大道到珞喻路,83
2026-04-27 17:26:14,2,缓行,34.4,75.00%,25.00%,0.00%,虎泉街,畅通,50,从雄楚大道到民族大道,2
2026-04-27 17:26:14,2,缓行,34.4,75.00%,25.00%,0.00%,鲁磨路,畅通,30,从珞喻路到喻家山北路,67
2026-04-27 17:26:14,2,缓行,34.4,75.00%,25.00%,0.00%,鲁磨路,畅通,30,从团山路到珞喻路,243
2026-04-27 17:28:15,2,缓行,34.4,75.00%,25.00%,0.00%,民族大道,缓行,20,从珞喻路到南湖大道,263
2026-04-27 17:28:15,2,缓行,34.4,75.00%,25.00%,0.00%,珞喻路,畅通,40,从珞狮路到喻家湖路,341
2026-04-27 17:28:15,2,缓行,34.4,75.00%,25.00%,0.00%,珞喻路,畅通,40,从喻家湖路到珞狮路,161
2026-04-27 17:28:15,2,缓行,34.4,75.00%,25.00%,0.00%,民族大道,畅通,50,从雄楚大道到珞喻路,83
2026-04-27 17:28:15,2,缓行,34.4,75.00%,25.00%,0.00%,虎泉街,畅通,50,从雄楚大道到民族大道,2
2026-04-27 17:28:15,2,缓行,34.4,75.00%,25.00%,0.00%,鲁磨路,畅通,30,从珞喻路到喻家山北路,67
2026-04-27 17:28:15,2,缓行,34.4,75.00%,25.00%,0.00%,鲁磨路,畅通,30,从团山路到珞喻路,243
2026-04-27 17:30:15,2,缓行,35.0,87.50%,12.50%,0.00%,珞喻路,畅通,35,从珞狮路到喻家湖路,341
2026-04-27 17:30:15,2,缓行,35.0,87.50%,12.50%,0.00%,珞喻路,畅通,40,从喻家湖路到珞狮路,161
2026-04-27 17:30:15,2,缓行,35.0,87.50%,12.50%,0.00%,民族大道,畅通,50,从雄楚大道到珞喻路,83
2026-04-27 17:30:15,2,缓行,35.0,87.50%,12.50%,0.00%,虎泉街,畅通,50,从雄楚大道到民族大道,2
2026-04-27 17:30:15,2,缓行,35.0,87.50%,12.50%,0.00%,虎泉街,畅通,25,从民族大道到卓刀泉南路,160
2026-04-27 17:30:15,2,缓行,35.0,87.50%,12.50%,0.00%,鲁磨路,畅通,30,从珞喻路到喻家山北路,67
2026-04-27 17:30:15,2,缓行,35.0,87.50%,12.50%,0.00%,鲁磨路,畅通,30,从团山路到珞喻路,243
2026-04-27 17:32:15,2,缓行,35.0,87.50%,12.50%,0.00%,珞喻路,畅通,35,从珞狮路到喻家湖路,341
2026-04-27 17:32:15,2,缓行,35.0,87.50%,12.50%,0.00%,珞喻路,畅通,40,从喻家湖路到珞狮路,161
2026-04-27 17:32:15,2,缓行,35.0,87.50%,12.50%,0.00%,民族大道,畅通,50,从雄楚大道到珞喻路,83
2026-04-27 17:32:15,2,缓行,35.0,87.50%,12.50%,0.00%,虎泉街,畅通,50,从雄楚大道到民族大道,2
2026-04-27 17:32:15,2,缓行,35.0,87.50%,12.50%,0.00%,虎泉街,畅通,25,从民族大道到卓刀泉南路,160
2026-04-27 17:32:15,2,缓行,35.0,87.50%,12.50%,0.00%,鲁磨路,畅通,30,从珞喻路到喻家山北路,67
2026-04-27 17:32:15,2,缓行,35.0,87.50%,12.50%,0.00%,鲁磨路,畅通,30,从团山路到珞喻路,243
2026-04-27 17:34:15,2,缓行,35.6,87.50%,12.50%,0.00%,珞喻路,畅通,40,从珞狮路到喻家湖路,341
2026-04-27 17:34:15,2,缓行,35.6,87.50%,12.50%,0.00%,珞喻路,畅通,45,从喻家湖路到珞狮路,161
2026-04-27 17:34:15,2,缓行,35.6,87.50%,12.50%,0.00%,民族大道,畅通,50,从雄楚大道到珞喻路,83
2026-04-27 17:34:15,2,缓行,35.6,87.50%,12.50%,0.00%,虎泉街,畅通,50,从雄楚大道到民族大道,2
2026-04-27 17:34:15,2,缓行,35.6,87.50%,12.50%,0.00%,虎泉街,畅通,25,从民族大道到卓刀泉南路,160
2026-04-27 17:34:15,2,缓行,35.6,87.50%,12.50%,0.00%,鲁磨路,畅通,30,从珞喻路到喻家山北路,67
2026-04-27 17:34:15,2,缓行,35.6,87.50%,12.50%,0.00%,鲁磨路,畅通,30,从团山路到珞喻路,243
2026-04-27 17:36:15,2,缓行,35.0,87.50%,12.50%,0.00%,珞喻路,畅通,35,从珞狮路到喻家湖路,341
2026-04-27 17:36:15,2,缓行,35.0,87.50%,12.50%,0.00%,珞喻路,畅通,40,从喻家湖路到珞狮路,161
2026-04-27 17:36:15,2,缓行,35.0,87.50%,12.50%,0.00%,民族大道,畅通,50,从雄楚大道到珞喻路,83
2026-04-27 17:36:15,2,缓行,35.0,87.50%,12.50%,0.00%,虎泉街,畅通,50,从雄楚大道到民族大道,2
2026-04-27 17:36:15,2,缓行,35.0,87.50%,12.50%,0.00%,虎泉街,畅通,30,从民族大道到卓刀泉南路,160
2026-04-27 17:36:15,2,缓行,35.0,87.50%,12.50%,0.00%,鲁磨路,畅通,30,从珞喻路到喻家山北路,67
2026-04-27 17:36:15,2,缓行,35.0,87.50%,12.50%,0.00%,鲁磨路,畅通,30,从团山路到珞喻路,243
2026-04-27 17:38:16,2,缓行,33.8,87.50%,12.50%,0.00%,珞喻路,畅通,30,从珞狮路到喻家湖路,341
2026-04-27 17:38:16,2,缓行,33.8,87.50%,12.50%,0.00%,珞喻路,畅通,40,从喻家湖路到珞狮路,161
2026-04-27 17:38:16,2,缓行,33.8,87.50%,12.50%,0.00%,民族大道,畅通,50,从雄楚大道到珞喻路,83
2026-04-27 17:38:16,2,缓行,33.8,87.50%,12.50%,0.00%,虎泉街,畅通,50,从雄楚大道到民族大道,2
2026-04-27 17:38:16,2,缓行,33.8,87.50%,12.50%,0.00%,虎泉街,畅通,25,从民族大道到卓刀泉南路,160
2026-04-27 17:38:16,2,缓行,33.8,87.50%,12.50%,0.00%,鲁磨路,畅通,30,从珞喻路到喻家山北路,67
2026-04-27 17:38:16,2,缓行,33.8,87.50%,12.50%,0.00%,鲁磨路,畅通,30,从团山路到珞喻路,243
2026-04-27 17:40:16,2,缓行,33.8,87.50%,12.50%,0.00%,珞喻路,畅通,30,从珞狮路到喻家湖路,341
2026-04-27 17:40:16,2,缓行,33.8,87.50%,12.50%,0.00%,珞喻路,畅通,40,从喻家湖路到珞狮路,161
2026-04-27 17:40:16,2,缓行,33.8,87.50%,12.50%,0.00%,民族大道,畅通,50,从雄楚大道到珞喻路,83
2026-04-27 17:40:16,2,缓行,33.8,87.50%,12.50%,0.00%,虎泉街,畅通,50,从雄楚大道到民族大道,2
2026-04-27 17:40:16,2,缓行,33.8,87.50%,12.50%,0.00%,虎泉街,畅通,25,从民族大道到卓刀泉南路,160
2026-04-27 17:40:16,2,缓行,33.8,87.50%,12.50%,0.00%,鲁磨路,畅通,30,从珞喻路到喻家山北路,67
2026-04-27 17:40:16,2,缓行,33.8,87.50%,12.50%,0.00%,鲁磨路,畅通,30,从团山路到珞喻路,243
2026-04-27 17:42:16,2,缓行,33.3,77.78%,22.22%,0.00%,珞喻路,畅通,40,从喻家湖路到珞狮路,161
2026-04-27 17:42:16,2,缓行,33.3,77.78%,22.22%,0.00%,民族大道,畅通,50,从雄楚大道到珞喻路,83
2026-04-27 17:42:16,2,缓行,33.3,77.78%,22.22%,0.00%,虎泉街,畅通,50,从雄楚大道到民族大道,2
2026-04-27 17:42:16,2,缓行,33.3,77.78%,22.22%,0.00%,虎泉街,畅通,25,从民族大道到卓刀泉南路,160
2026-04-27 17:42:16,2,缓行,33.3,77.78%,22.22%,0.00%,鲁磨路,畅通,30,从珞喻路到喻家山北路,67
2026-04-27 17:42:16,2,缓行,33.3,77.78%,22.22%,0.00%,鲁磨路,畅通,30,从团山路到珞喻路,243
2026-04-27 17:44:16,2,缓行,34.4,87.50%,12.50%,0.00%,珞喻路,畅通,40,从喻家湖路到珞狮路,161
2026-04-27 17:44:16,2,缓行,34.4,87.50%,12.50%,0.00%,民族大道,畅通,50,从雄楚大道到珞喻路,83
2026-04-27 17:44:16,2,缓行,34.4,87.50%,12.50%,0.00%,虎泉街,畅通,50,从雄楚大道到民族大道,2
2026-04-27 17:44:16,2,缓行,34.4,87.50%,12.50%,0.00%,虎泉街,畅通,25,从民族大道到卓刀泉南路,160
2026-04-27 17:44:16,2,缓行,34.4,87.50%,12.50%,0.00%,鲁磨路,畅通,30,从珞喻路到喻家山北路,67
2026-04-27 17:44:16,2,缓行,34.4,87.50%,12.50%,0.00%,鲁磨路,畅通,30,从团山路到珞喻路,243
2026-04-27 17:46:16,2,缓行,32.2,77.78%,22.22%,0.00%,珞喻路,畅通,40,从喻家湖路到珞狮路,161
2026-04-27 17:46:16,2,缓行,32.2,77.78%,22.22%,0.00%,民族大道,畅通,50,从雄楚大道到珞喻路,83
2026-04-27 17:46:16,2,缓行,32.2,77.78%,22.22%,0.00%,虎泉街,畅通,50,从雄楚大道到民族大道,2
2026-04-27 17:46:16,2,缓行,32.2,77.78%,22.22%,0.00%,虎泉街,畅通,25,从民族大道到卓刀泉南路,160
2026-04-27 17:46:16,2,缓行,32.2,77.78%,22.22%,0.00%,鲁磨路,畅通,25,从珞喻路到喻家山北路,67
2026-04-27 17:46:16,2,缓行,32.2,77.78%,22.22%,0.00%,鲁磨路,畅通,30,从团山路到珞喻路,243
2026-04-27 17:48:17,2,缓行,32.2,77.78%,22.22%,0.00%,珞喻路,畅通,40,从喻家湖路到珞狮路,161
2026-04-27 17:48:17,2,缓行,32.2,77.78%,22.22%,0.00%,民族大道,畅通,50,从雄楚大道到珞喻路,83
2026-04-27 17:48:17,2,缓行,32.2,77.78%,22.22%,0.00%,虎泉街,畅通,50,从雄楚大道到民族大道,2
2026-04-27 17:48:17,2,缓行,32.2,77.78%,22.22%,0.00%,虎泉街,畅通,25,从民族大道到卓刀泉南路,160
2026-04-27 17:48:17,2,缓行,32.2,77.78%,22.22%,0.00%,鲁磨路,畅通,25,从珞喻路到喻家山北路,67
2026-04-27 17:48:17,2,缓行,32.2,77.78%,22.22%,0.00%,鲁磨路,畅通,30,从团山路到珞喻路,243
2026-04-27 17:50:17,2,缓行,33.9,77.78%,22.22%,0.00%,珞喻路,畅通,40,从喻家湖路到珞狮路,161
2026-04-27 17:50:17,2,缓行,33.9,77.78%,22.22%,0.00%,民族大道,畅通,50,从雄楚大道到珞喻路,83
2026-04-27 17:50:17,2,缓行,33.9,77.78%,22.22%,0.00%,虎泉街,畅通,50,从雄楚大道到民族大道,2
2026-04-27 17:50:17,2,缓行,33.9,77.78%,22.22%,0.00%,虎泉街,畅通,25,从民族大道到卓刀泉南路,160
2026-04-27 17:50:17,2,缓行,33.9,77.78%,22.22%,0.00%,鲁磨路,畅通,30,从珞喻路到喻家山北路,67
2026-04-27 17:50:17,2,缓行,33.9,77.78%,22.22%,0.00%,鲁磨路,畅通,30,从团山路到珞喻路,243
2026-04-27 17:52:17,2,缓行,32.8,77.78%,22.22%,0.00%,民族大道,缓行,15,从珞喻路到南湖大道,263
2026-04-27 17:52:17,2,缓行,32.8,77.78%,22.22%,0.00%,珞喻路,畅通,40,从喻家湖路到珞狮路,161
2026-04-27 17:52:17,2,缓行,32.8,77.78%,22.22%,0.00%,民族大道,畅通,50,从雄楚大道到珞喻路,83
2026-04-27 17:52:17,2,缓行,32.8,77.78%,22.22%,0.00%,虎泉街,畅通,50,从雄楚大道到民族大道,2
2026-04-27 17:52:17,2,缓行,32.8,77.78%,22.22%,0.00%,虎泉街,畅通,25,从民族大道到卓刀泉南路,160
2026-04-27 17:52:17,2,缓行,32.8,77.78%,22.22%,0.00%,鲁磨路,畅通,25,从珞喻路到喻家山北路,67
2026-04-27 17:52:17,2,缓行,32.8,77.78%,22.22%,0.00%,鲁磨路,畅通,30,从团山路到珞喻路,243
2026-04-27 17:54:17,2,缓行,33.9,77.78%,22.22%,0.00%,民族大道,缓行,20,从珞喻路到南湖大道,263
2026-04-27 17:54:17,2,缓行,33.9,77.78%,22.22%,0.00%,珞喻路,畅通,40,从喻家湖路到珞狮路,161
2026-04-27 17:54:17,2,缓行,33.9,77.78%,22.22%,0.00%,民族大道,畅通,50,从雄楚大道到珞喻路,83
2026-04-27 17:54:17,2,缓行,33.9,77.78%,22.22%,0.00%,虎泉街,畅通,50,从雄楚大道到民族大道,2
2026-04-27 17:54:17,2,缓行,33.9,77.78%,22.22%,0.00%,虎泉街,畅通,30,从民族大道到卓刀泉南路,160
2026-04-27 17:54:17,2,缓行,33.9,77.78%,22.22%,0.00%,鲁磨路,畅通,30,从珞喻路到喻家山北路,67
2026-04-27 17:54:17,2,缓行,33.9,77.78%,22.22%,0.00%,鲁磨路,畅通,30,从团山路到珞喻路,243
2026-04-27 17:56:17,2,缓行,33.9,66.67%,33.33%,0.00%,民族大道,缓行,20,从珞喻路到南湖大道,263
2026-04-27 17:56:17,2,缓行,33.9,66.67%,33.33%,0.00%,珞喻路,畅通,40,从喻家湖路到珞狮路,161
2026-04-27 17:56:17,2,缓行,33.9,66.67%,33.33%,0.00%,民族大道,畅通,50,从雄楚大道到珞喻路,83
2026-04-27 17:56:17,2,缓行,33.9,66.67%,33.33%,0.00%,虎泉街,畅通,50,从雄楚大道到民族大道,2
2026-04-27 17:56:17,2,缓行,33.9,66.67%,33.33%,0.00%,鲁磨路,畅通,35,从珞喻路到喻家山北路,67
2026-04-27 17:56:17,2,缓行,33.9,66.67%,33.33%,0.00%,鲁磨路,畅通,30,从团山路到珞喻路,243
2026-04-27 17:58:18,2,缓行,33.9,77.78%,22.22%,0.00%,民族大道,缓行,20,从珞喻路到南湖大道,263
2026-04-27 17:58:18,2,缓行,33.9,77.78%,22.22%,0.00%,珞喻路,畅通,40,从喻家湖路到珞狮路,161
2026-04-27 17:58:18,2,缓行,33.9,77.78%,22.22%,0.00%,民族大道,畅通,50,从雄楚大道到珞喻路,83
2026-04-27 17:58:18,2,缓行,33.9,77.78%,22.22%,0.00%,虎泉街,畅通,50,从雄楚大道到民族大道,2
2026-04-27 17:58:18,2,缓行,33.9,77.78%,22.22%,0.00%,虎泉街,畅通,25,从民族大道到卓刀泉南路,160
2026-04-27 17:58:18,2,缓行,33.9,77.78%,22.22%,0.00%,鲁磨路,畅通,30,从珞喻路到喻家山北路,67
2026-04-27 17:58:18,2,缓行,33.9,77.78%,22.22%,0.00%,鲁磨路,畅通,30,从团山路到珞喻路,243
2026-04-27 18:00:18,2,缓行,33.3,77.78%,22.22%,0.00%,民族大道,缓行,20,从珞喻路到南湖大道,263
2026-04-27 18:00:18,2,缓行,33.3,77.78%,22.22%,0.00%,珞喻路,畅通,40,从喻家湖路到珞狮路,161
2026-04-27 18:00:18,2,缓行,33.3,77.78%,22.22%,0.00%,民族大道,畅通,50,从雄楚大道到珞喻路,83
2026-04-27 18:00:18,2,缓行,33.3,77.78%,22.22%,0.00%,虎泉街,畅通,50,从雄楚大道到民族大道,2
2026-04-27 18:00:18,2,缓行,33.3,77.78%,22.22%,0.00%,虎泉街,畅通,25,从民族大道到卓刀泉南路,160
2026-04-27 18:00:18,2,缓行,33.3,77.78%,22.22%,0.00%,鲁磨路,畅通,30,从珞喻路到喻家山北路,67
2026-04-27 18:00:18,2,缓行,33.3,77.78%,22.22%,0.00%,鲁磨路,畅通,30,从团山路到珞喻路,243
2026-04-27 18:02:18,2,缓行,33.3,77.78%,22.22%,0.00%,民族大道,缓行,20,从珞喻路到南湖大道,263
2026-04-27 18:02:18,2,缓行,33.3,77.78%,22.22%,0.00%,珞喻路,畅通,40,从喻家湖路到珞狮路,161
2026-04-27 18:02:18,2,缓行,33.3,77.78%,22.22%,0.00%,民族大道,畅通,50,从雄楚大道到珞喻路,83
2026-04-27 18:02:18,2,缓行,33.3,77.78%,22.22%,0.00%,虎泉街,畅通,50,从雄楚大道到民族大道,2
2026-04-27 18:02:18,2,缓行,33.3,77.78%,22.22%,0.00%,虎泉街,畅通,25,从民族大道到卓刀泉南路,160
2026-04-27 18:02:18,2,缓行,33.3,77.78%,22.22%,0.00%,鲁磨路,畅通,30,从珞喻路到喻家山北路,67
2026-04-27 18:02:18,2,缓行,33.3,77.78%,22.22%,0.00%,鲁磨路,畅通,30,从团山路到珞喻路,243
2026-04-27 18:04:18,2,缓行,35.0,88.89%,11.11%,0.00%,珞喻路,畅通,40,从喻家湖路到珞狮路,161
2026-04-27 18:04:18,2,缓行,35.0,88.89%,11.11%,0.00%,民族大道,畅通,50,从雄楚大道到珞喻路,83
2026-04-27 18:04:18,2,缓行,35.0,88.89%,11.11%,0.00%,虎泉街,畅通,50,从雄楚大道到民族大道,2
2026-04-27 18:04:18,2,缓行,35.0,88.89%,11.11%,0.00%,虎泉街,畅通,25,从民族大道到卓刀泉南路,160
2026-04-27 18:04:18,2,缓行,35.0,88.89%,11.11%,0.00%,鲁磨路,畅通,30,从珞喻路到喻家山北路,67
2026-04-27 18:04:18,2,缓行,35.0,88.89%,11.11%,0.00%,鲁磨路,畅通,30,从团山路到珞喻路,243
2026-04-27 18:06:19,2,缓行,35.0,88.89%,11.11%,0.00%,珞喻路,畅通,40,从喻家湖路到珞狮路,161
2026-04-27 18:06:19,2,缓行,35.0,88.89%,11.11%,0.00%,民族大道,畅通,50,从雄楚大道到珞喻路,83
2026-04-27 18:06:19,2,缓行,35.0,88.89%,11.11%,0.00%,虎泉街,畅通,50,从雄楚大道到民族大道,2
2026-04-27 18:06:19,2,缓行,35.0,88.89%,11.11%,0.00%,虎泉街,畅通,25,从民族大道到卓刀泉南路,160
2026-04-27 18:06:19,2,缓行,35.0,88.89%,11.11%,0.00%,鲁磨路,畅通,30,从珞喻路到喻家山北路,67
2026-04-27 18:06:19,2,缓行,35.0,88.89%,11.11%,0.00%,鲁磨路,畅通,30,从团山路到珞喻路,243
2026-04-27 18:08:19,2,缓行,33.9,77.78%,22.22%,0.00%,珞喻路,畅通,40,从喻家湖路到珞狮路,161
2026-04-27 18:08:19,2,缓行,33.9,77.78%,22.22%,0.00%,民族大道,畅通,50,从雄楚大道到珞喻路,83
2026-04-27 18:08:19,2,缓行,33.9,77.78%,22.22%,0.00%,虎泉街,畅通,50,从雄楚大道到民族大道,2
2026-04-27 18:08:19,2,缓行,33.9,77.78%,22.22%,0.00%,虎泉街,畅通,25,从民族大道到卓刀泉南路,160
2026-04-27 18:08:19,2,缓行,33.9,77.78%,22.22%,0.00%,鲁磨路,畅通,30,从珞喻路到喻家山北路,67
2026-04-27 18:08:19,2,缓行,33.9,77.78%,22.22%,0.00%,鲁磨路,畅通,30,从团山路到珞喻路,243
2026-04-27 18:10:19,2,缓行,33.3,77.78%,22.22%,0.00%,珞喻路,畅通,40,从喻家湖路到珞狮路,161
2026-04-27 18:10:19,2,缓行,33.3,77.78%,22.22%,0.00%,民族大道,畅通,50,从雄楚大道到珞喻路,83
2026-04-27 18:10:19,2,缓行,33.3,77.78%,22.22%,0.00%,虎泉街,畅通,50,从雄楚大道到民族大道,2
2026-04-27 18:10:19,2,缓行,33.3,77.78%,22.22%,0.00%,虎泉街,畅通,25,从民族大道到卓刀泉南路,160
2026-04-27 18:10:19,2,缓行,33.3,77.78%,22.22%,0.00%,鲁磨路,畅通,30,从珞喻路到喻家山北路,67
2026-04-27 18:10:19,2,缓行,33.3,77.78%,22.22%,0.00%,鲁磨路,畅通,30,从团山路到珞喻路,243
2026-04-27 18:12:19,2,缓行,33.3,77.78%,22.22%,0.00%,珞喻路,畅通,40,从喻家湖路到珞狮路,161
2026-04-27 18:12:19,2,缓行,33.3,77.78%,22.22%,0.00%,民族大道,畅通,50,从雄楚大道到珞喻路,83
2026-04-27 18:12:19,2,缓行,33.3,77.78%,22.22%,0.00%,虎泉街,畅通,50,从雄楚大道到民族大道,2
2026-04-27 18:12:19,2,缓行,33.3,77.78%,22.22%,0.00%,虎泉街,畅通,25,从民族大道到卓刀泉南路,160
2026-04-27 18:12:19,2,缓行,33.3,77.78%,22.22%,0.00%,鲁磨路,畅通,30,从珞喻路到喻家山北路,67
2026-04-27 18:12:19,2,缓行,33.3,77.78%,22.22%,0.00%,鲁磨路,畅通,30,从团山路到珞喻路,243
2026-04-27 18:14:19,2,缓行,35.0,88.89%,11.11%,0.00%,珞喻路,畅通,40,从喻家湖路到珞狮路,161
2026-04-27 18:14:19,2,缓行,35.0,88.89%,11.11%,0.00%,民族大道,畅通,50,从雄楚大道到珞喻路,83
2026-04-27 18:14:19,2,缓行,35.0,88.89%,11.11%,0.00%,虎泉街,畅通,50,从雄楚大道到民族大道,2
2026-04-27 18:14:19,2,缓行,35.0,88.89%,11.11%,0.00%,虎泉街,畅通,30,从民族大道到卓刀泉南路,160
2026-04-27 18:14:19,2,缓行,35.0,88.89%,11.11%,0.00%,鲁磨路,畅通,30,从珞喻路到喻家山北路,67
2026-04-27 18:14:19,2,缓行,35.0,88.89%,11.11%,0.00%,鲁磨路,畅通,30,从团山路到珞喻路,243
2026-04-27 18:16:20,2,缓行,34.4,88.89%,11.11%,0.00%,珞喻路,畅通,40,从喻家湖路到珞狮路,161
2026-04-27 18:16:20,2,缓行,34.4,88.89%,11.11%,0.00%,民族大道,畅通,50,从雄楚大道到珞喻路,83
2026-04-27 18:16:20,2,缓行,34.4,88.89%,11.11%,0.00%,虎泉街,畅通,50,从雄楚大道到民族大道,2
2026-04-27 18:16:20,2,缓行,34.4,88.89%,11.11%,0.00%,虎泉街,畅通,30,从民族大道到卓刀泉南路,160
2026-04-27 18:16:20,2,缓行,34.4,88.89%,11.11%,0.00%,鲁磨路,畅通,30,从珞喻路到喻家山北路,67
2026-04-27 18:16:20,2,缓行,34.4,88.89%,11.11%,0.00%,鲁磨路,畅通,30,从团山路到珞喻路,243
2026-04-27 18:18:20,2,缓行,34.4,75.00%,25.00%,0.00%,民族大道,缓行,20,从珞喻路到南湖大道,263
2026-04-27 18:18:20,2,缓行,34.4,75.00%,25.00%,0.00%,珞喻路,畅通,40,从喻家湖路到珞狮路,161
2026-04-27 18:18:20,2,缓行,34.4,75.00%,25.00%,0.00%,民族大道,畅通,50,从雄楚大道到珞喻路,83
2026-04-27 18:18:20,2,缓行,34.4,75.00%,25.00%,0.00%,虎泉街,畅通,50,从雄楚大道到民族大道,2
2026-04-27 18:18:20,2,缓行,34.4,75.00%,25.00%,0.00%,鲁磨路,畅通,30,从珞喻路到喻家山北路,67
2026-04-27 18:18:20,2,缓行,34.4,75.00%,25.00%,0.00%,鲁磨路,畅通,30,从团山路到珞喻路,243
2026-04-27 18:20:20,2,缓行,34.2,88.89%,11.11%,0.00%,民族大道,缓行,15,从珞喻路到南湖大道,263
2026-04-27 18:20:20,2,缓行,34.2,88.89%,11.11%,0.00%,珞喻路,畅通,40,从喻家湖路到珞狮路,161
2026-04-27 18:20:20,2,缓行,34.2,88.89%,11.11%,0.00%,民族大道,畅通,50,从雄楚大道到珞喻路,83
2026-04-27 18:20:20,2,缓行,34.2,88.89%,11.11%,0.00%,虎泉街,畅通,50,从雄楚大道到民族大道,2
2026-04-27 18:20:20,2,缓行,34.2,88.89%,11.11%,0.00%,虎泉街,畅通,25,从民族大道到卓刀泉南路,160
2026-04-27 18:20:20,2,缓行,34.2,88.89%,11.11%,0.00%,鲁磨路,畅通,30,从珞喻路到喻家山北路,67
2026-04-27 18:20:20,2,缓行,34.2,88.89%,11.11%,0.00%,鲁磨路,畅通,30,从团山路到珞喻路,243
2026-04-27 18:22:20,2,缓行,35.3,88.89%,11.11%,0.00%,珞喻路,畅通,40,从喻家湖路到珞狮路,161
2026-04-27 18:22:20,2,缓行,35.3,88.89%,11.11%,0.00%,民族大道,畅通,50,从雄楚大道到珞喻路,83
2026-04-27 18:22:20,2,缓行,35.3,88.89%,11.11%,0.00%,虎泉街,畅通,50,从雄楚大道到民族大道,2
2026-04-27 18:22:20,2,缓行,35.3,88.89%,11.11%,0.00%,虎泉街,畅通,25,从民族大道到卓刀泉南路,160
2026-04-27 18:22:20,2,缓行,35.3,88.89%,11.11%,0.00%,鲁磨路,畅通,30,从珞喻路到喻家山北路,67
2026-04-27 18:22:20,2,缓行,35.3,88.89%,11.11%,0.00%,鲁磨路,畅通,30,从团山路到珞喻路,243
2026-04-27 18:24:20,2,缓行,35.3,88.89%,11.11%,0.00%,珞喻路,畅通,40,从喻家湖路到珞狮路,161
2026-04-27 18:24:20,2,缓行,35.3,88.89%,11.11%,0.00%,民族大道,畅通,50,从雄楚大道到珞喻路,83
2026-04-27 18:24:20,2,缓行,35.3,88.89%,11.11%,0.00%,虎泉街,畅通,50,从雄楚大道到民族大道,2
2026-04-27 18:24:20,2,缓行,35.3,88.89%,11.11%,0.00%,虎泉街,畅通,25,从民族大道到卓刀泉南路,160
2026-04-27 18:24:20,2,缓行,35.3,88.89%,11.11%,0.00%,鲁磨路,畅通,30,从珞喻路到喻家山北路,67
2026-04-27 18:24:20,2,缓行,35.3,88.89%,11.11%,0.00%,鲁磨路,畅通,30,从团山路到珞喻路,243
2026-04-27 18:26:21,2,缓行,34.8,88.89%,11.11%,0.00%,珞喻路,畅通,40,从喻家湖路到珞狮路,161
2026-04-27 18:26:21,2,缓行,34.8,88.89%,11.11%,0.00%,民族大道,畅通,50,从雄楚大道到珞喻路,83
2026-04-27 18:26:21,2,缓行,34.8,88.89%,11.11%,0.00%,虎泉街,畅通,50,从雄楚大道到民族大道,2
2026-04-27 18:26:21,2,缓行,34.8,88.89%,11.11%,0.00%,虎泉街,畅通,30,从民族大道到卓刀泉南路,160
2026-04-27 18:26:21,2,缓行,34.8,88.89%,11.11%,0.00%,鲁磨路,畅通,30,从珞喻路到喻家山北路,67
2026-04-27 18:26:21,2,缓行,34.8,88.89%,11.11%,0.00%,鲁磨路,畅通,30,从团山路到珞喻路,243
2026-04-27 18:28:21,2,缓行,34.8,88.89%,11.11%,0.00%,珞喻路,畅通,40,从喻家湖路到珞狮路,161
2026-04-27 18:28:21,2,缓行,34.8,88.89%,11.11%,0.00%,民族大道,畅通,50,从雄楚大道到珞喻路,83
2026-04-27 18:28:21,2,缓行,34.8,88.89%,11.11%,0.00%,虎泉街,畅通,50,从雄楚大道到民族大道,2
2026-04-27 18:28:21,2,缓行,34.8,88.89%,11.11%,0.00%,虎泉街,畅通,30,从民族大道到卓刀泉南路,160
2026-04-27 18:28:21,2,缓行,34.8,88.89%,11.11%,0.00%,鲁磨路,畅通,30,从珞喻路到喻家山北路,67
2026-04-27 18:28:21,2,缓行,34.8,88.89%,11.11%,0.00%,鲁磨路,畅通,30,从团山路到珞喻路,243
2026-04-27 18:30:21,2,缓行,38.7,90.00%,10.00%,0.00%,珞喻路,畅通,40,从喻家湖路到珞狮路,161
2026-04-27 18:30:21,2,缓行,38.7,90.00%,10.00%,0.00%,民族大道,畅通,50,从雄楚大道到珞喻路,83
2026-04-27 18:30:21,2,缓行,38.7,90.00%,10.00%,0.00%,虎泉街,畅通,50,从雄楚大道到民族大道,2
2026-04-27 18:30:21,2,缓行,38.7,90.00%,10.00%,0.00%,虎泉街,畅通,25,从民族大道到卓刀泉南路,160
2026-04-27 18:30:21,2,缓行,38.7,90.00%,10.00%,0.00%,鲁磨路,畅通,30,从珞喻路到喻家山北路,67
2026-04-27 18:30:21,2,缓行,38.7,90.00%,10.00%,0.00%,鲁磨路,畅通,30,从团山路到珞喻路,243
2026-04-27 18:32:21,2,缓行,38.7,90.00%,10.00%,0.00%,珞喻路,畅通,40,从喻家湖路到珞狮路,161
2026-04-27 18:32:21,2,缓行,38.7,90.00%,10.00%,0.00%,民族大道,畅通,50,从雄楚大道到珞喻路,83
2026-04-27 18:32:21,2,缓行,38.7,90.00%,10.00%,0.00%,虎泉街,畅通,50,从雄楚大道到民族大道,2
2026-04-27 18:32:21,2,缓行,38.7,90.00%,10.00%,0.00%,虎泉街,畅通,25,从民族大道到卓刀泉南路,160
2026-04-27 18:32:21,2,缓行,38.7,90.00%,10.00%,0.00%,鲁磨路,畅通,30,从珞喻路到喻家山北路,67
2026-04-27 18:32:21,2,缓行,38.7,90.00%,10.00%,0.00%,鲁磨路,畅通,30,从团山路到珞喻路,243
2026-04-27 18:34:21,2,缓行,36.3,88.89%,11.11%,0.00%,民族大道,缓行,15,从珞喻路到南湖大道,263
2026-04-27 18:34:21,2,缓行,36.3,88.89%,11.11%,0.00%,珞喻路,畅通,40,从喻家湖路到珞狮路,161
2026-04-27 18:34:21,2,缓行,36.3,88.89%,11.11%,0.00%,民族大道,畅通,50,从雄楚大道到珞喻路,83
2026-04-27 18:34:21,2,缓行,36.3,88.89%,11.11%,0.00%,虎泉街,畅通,50,从雄楚大道到民族大道,2
2026-04-27 18:34:21,2,缓行,36.3,88.89%,11.11%,0.00%,虎泉街,畅通,30,从民族大道到卓刀泉南路,160
2026-04-27 18:34:21,2,缓行,36.3,88.89%,11.11%,0.00%,鲁磨路,畅通,30,从珞喻路到喻家山北路,67
2026-04-27 18:34:21,2,缓行,36.3,88.89%,11.11%,0.00%,鲁磨路,畅通,30,从团山路到珞喻路,243
2026-04-27 18:36:21,2,缓行,36.9,88.89%,11.11%,0.00%,珞喻路,畅通,40,从喻家湖路到珞狮路,161
2026-04-27 18:36:21,2,缓行,36.9,88.89%,11.11%,0.00%,民族大道,畅通,50,从雄楚大道到珞喻路,83
2026-04-27 18:36:21,2,缓行,36.9,88.89%,11.11%,0.00%,虎泉街,畅通,50,从雄楚大道到民族大道,2
2026-04-27 18:36:21,2,缓行,36.9,88.89%,11.11%,0.00%,虎泉街,畅通,25,从民族大道到卓刀泉南路,160
2026-04-27 18:36:21,2,缓行,36.9,88.89%,11.11%,0.00%,鲁磨路,畅通,30,从珞喻路到喻家山北路,67
2026-04-27 18:36:21,2,缓行,36.9,88.89%,11.11%,0.00%,鲁磨路,畅通,30,从团山路到珞喻路,243
2026-04-27 18:38:22,2,缓行,34.8,88.89%,11.11%,0.00%,民族大道,缓行,20,从珞喻路到南湖大道,263
2026-04-27 18:38:22,2,缓行,34.8,88.89%,11.11%,0.00%,珞喻路,畅通,40,从喻家湖路到珞狮路,161
2026-04-27 18:38:22,2,缓行,34.8,88.89%,11.11%,0.00%,民族大道,畅通,50,从雄楚大道到珞喻路,83
2026-04-27 18:38:22,2,缓行,34.8,88.89%,11.11%,0.00%,虎泉街,畅通,50,从雄楚大道到民族大道,2
2026-04-27 18:38:22,2,缓行,34.8,88.89%,11.11%,0.00%,虎泉街,畅通,25,从民族大道到卓刀泉南路,160
2026-04-27 18:38:22,2,缓行,34.8,88.89%,11.11%,0.00%,鲁磨路,畅通,30,从珞喻路到喻家山北路,67
2026-04-27 18:38:22,2,缓行,34.8,88.89%,11.11%,0.00%,鲁磨路,畅通,30,从团山路到珞喻路,243
2026-04-27 18:40:22,2,缓行,35.0,87.50%,12.50%,0.00%,民族大道,缓行,20,从珞喻路到南湖大道,263
2026-04-27 18:40:22,2,缓行,35.0,87.50%,12.50%,0.00%,珞喻路,畅通,40,从喻家湖路到珞狮路,161
2026-04-27 18:40:22,2,缓行,35.0,87.50%,12.50%,0.00%,民族大道,畅通,50,从雄楚大道到珞喻路,83
2026-04-27 18:40:22,2,缓行,35.0,87.50%,12.50%,0.00%,虎泉街,畅通,50,从雄楚大道到民族大道,2
2026-04-27 18:40:22,2,缓行,35.0,87.50%,12.50%,0.00%,虎泉街,畅通,25,从民族大道到卓刀泉南路,160
2026-04-27 18:40:22,2,缓行,35.0,87.50%,12.50%,0.00%,鲁磨路,畅通,30,从珞喻路到喻家山北路,67
2026-04-27 18:40:22,2,缓行,35.0,87.50%,12.50%,0.00%,鲁磨路,畅通,35,从团山路到珞喻路,243
2026-04-27 18:42:22,2,缓行,35.6,87.50%,12.50%,0.00%,珞喻路,畅通,40,从喻家湖路到珞狮路,161
2026-04-27 18:42:22,2,缓行,35.6,87.50%,12.50%,0.00%,民族大道,畅通,50,从雄楚大道到珞喻路,83
2026-04-27 18:42:22,2,缓行,35.6,87.50%,12.50%,0.00%,虎泉街,畅通,50,从雄楚大道到民族大道,2
2026-04-27 18:42:22,2,缓行,35.6,87.50%,12.50%,0.00%,虎泉街,畅通,25,从民族大道到卓刀泉南路,160
2026-04-27 18:42:22,2,缓行,35.6,87.50%,12.50%,0.00%,鲁磨路,畅通,35,从珞喻路到喻家山北路,67
2026-04-27 18:42:22,2,缓行,35.6,87.50%,12.50%,0.00%,鲁磨路,畅通,30,从团山路到珞喻路,243
2026-04-27 18:44:23,1,畅通,35.6,100.00%,0.00%,0.00%,珞喻路,畅通,40,从喻家湖路到珞狮路,161
2026-04-27 18:44:23,1,畅通,35.6,100.00%,0.00%,0.00%,虎泉街,畅通,50,从雄楚大道到民族大道,2
2026-04-27 18:44:23,1,畅通,35.6,100.00%,0.00%,0.00%,虎泉街,畅通,30,从民族大道到卓刀泉南路,160
2026-04-27 18:44:23,1,畅通,35.6,100.00%,0.00%,0.00%,鲁磨路,畅通,30,从珞喻路到喻家山北路,67
2026-04-27 18:44:23,1,畅通,35.6,100.00%,0.00%,0.00%,鲁磨路,畅通,30,从团山路到珞喻路,243
2026-04-27 18:46:23,1,畅通,35.6,100.00%,0.00%,0.00%,珞喻路,畅通,40,从喻家湖路到珞狮路,161
2026-04-27 18:46:23,1,畅通,35.6,100.00%,0.00%,0.00%,虎泉街,畅通,50,从雄楚大道到民族大道,2
2026-04-27 18:46:23,1,畅通,35.6,100.00%,0.00%,0.00%,虎泉街,畅通,30,从民族大道到卓刀泉南路,160
2026-04-27 18:46:23,1,畅通,35.6,100.00%,0.00%,0.00%,鲁磨路,畅通,30,从珞喻路到喻家山北路,67
2026-04-27 18:46:23,1,畅通,35.6,100.00%,0.00%,0.00%,鲁磨路,畅通,30,从团山路到珞喻路,243
2026-04-27 18:48:24,2,缓行,33.1,87.50%,12.50%,0.00%,珞喻路,畅通,35,从珞狮路到喻家湖路,341
2026-04-27 18:48:24,2,缓行,33.1,87.50%,12.50%,0.00%,珞喻路,畅通,40,从喻家湖路到珞狮路,161
2026-04-27 18:48:24,2,缓行,33.1,87.50%,12.50%,0.00%,虎泉街,畅通,50,从雄楚大道到民族大道,2
2026-04-27 18:48:24,2,缓行,33.1,87.50%,12.50%,0.00%,虎泉街,畅通,30,从民族大道到卓刀泉南路,160
2026-04-27 18:48:24,2,缓行,33.1,87.50%,12.50%,0.00%,鲁磨路,畅通,30,从珞喻路到喻家山北路,67
2026-04-27 18:48:24,2,缓行,33.1,87.50%,12.50%,0.00%,鲁磨路,畅通,30,从团山路到珞喻路,243
2026-04-27 18:50:24,1,畅通,35.6,100.00%,0.00%,0.00%,珞喻路,畅通,35,从珞狮路到喻家湖路,341
2026-04-27 18:50:24,1,畅通,35.6,100.00%,0.00%,0.00%,珞喻路,畅通,40,从喻家湖路到珞狮路,161
2026-04-27 18:50:24,1,畅通,35.6,100.00%,0.00%,0.00%,虎泉街,畅通,50,从雄楚大道到民族大道,2
2026-04-27 18:50:24,1,畅通,35.6,100.00%,0.00%,0.00%,虎泉街,畅通,25,从民族大道到卓刀泉南路,160
2026-04-27 18:50:24,1,畅通,35.6,100.00%,0.00%,0.00%,鲁磨路,畅通,30,从珞喻路到喻家山北路,67
2026-04-27 18:50:24,1,畅通,35.6,100.00%,0.00%,0.00%,鲁磨路,畅通,35,从团山路到珞喻路,243
2026-04-27 18:52:24,2,缓行,35.0,87.50%,12.50%,0.00%,珞喻路,畅通,40,从珞狮路到喻家湖路,341
2026-04-27 18:52:24,2,缓行,35.0,87.50%,12.50%,0.00%,珞喻路,畅通,40,从喻家湖路到珞狮路,161
2026-04-27 18:52:24,2,缓行,35.0,87.50%,12.50%,0.00%,民族大道,畅通,50,从雄楚大道到珞喻路,83
2026-04-27 18:52:24,2,缓行,35.0,87.50%,12.50%,0.00%,虎泉街,畅通,50,从雄楚大道到民族大道,2
2026-04-27 18:52:24,2,缓行,35.0,87.50%,12.50%,0.00%,虎泉街,畅通,25,从民族大道到卓刀泉南路,160
2026-04-27 18:52:24,2,缓行,35.0,87.50%,12.50%,0.00%,鲁磨路,畅通,25,从珞喻路到喻家山北路,67
2026-04-27 18:52:24,2,缓行,35.0,87.50%,12.50%,0.00%,鲁磨路,畅通,30,从团山路到珞喻路,243
2026-04-27 18:54:24,2,缓行,35.0,87.50%,12.50%,0.00%,珞喻路,畅通,40,从珞狮路到喻家湖路,341
2026-04-27 18:54:24,2,缓行,35.0,87.50%,12.50%,0.00%,珞喻路,畅通,40,从喻家湖路到珞狮路,161
2026-04-27 18:54:24,2,缓行,35.0,87.50%,12.50%,0.00%,民族大道,畅通,50,从雄楚大道到珞喻路,83
2026-04-27 18:54:24,2,缓行,35.0,87.50%,12.50%,0.00%,虎泉街,畅通,50,从雄楚大道到民族大道,2
2026-04-27 18:54:24,2,缓行,35.0,87.50%,12.50%,0.00%,虎泉街,畅通,25,从民族大道到卓刀泉南路,160
2026-04-27 18:54:24,2,缓行,35.0,87.50%,12.50%,0.00%,鲁磨路,畅通,25,从珞喻路到喻家山北路,67
2026-04-27 18:54:24,2,缓行,35.0,87.50%,12.50%,0.00%,鲁磨路,畅通,30,从团山路到珞喻路,243
2026-04-27 18:56:25,2,缓行,36.2,87.50%,12.50%,0.00%,珞喻路,畅通,40,从珞狮路到喻家湖路,341
2026-04-27 18:56:25,2,缓行,36.2,87.50%,12.50%,0.00%,珞喻路,畅通,40,从喻家湖路到珞狮路,161
2026-04-27 18:56:25,2,缓行,36.2,87.50%,12.50%,0.00%,民族大道,畅通,50,从雄楚大道到珞喻路,83
2026-04-27 18:56:25,2,缓行,36.2,87.50%,12.50%,0.00%,虎泉街,畅通,50,从雄楚大道到民族大道,2
2026-04-27 18:56:25,2,缓行,36.2,87.50%,12.50%,0.00%,虎泉街,畅通,25,从民族大道到卓刀泉南路,160
2026-04-27 18:56:25,2,缓行,36.2,87.50%,12.50%,0.00%,鲁磨路,畅通,30,从珞喻路到喻家山北路,67
2026-04-27 18:56:25,2,缓行,36.2,87.50%,12.50%,0.00%,鲁磨路,畅通,30,从团山路到珞喻路,243
2026-04-27 18:58:25,2,缓行,36.2,87.50%,12.50%,0.00%,珞喻路,畅通,40,从珞狮路到喻家湖路,341
2026-04-27 18:58:25,2,缓行,36.2,87.50%,12.50%,0.00%,珞喻路,畅通,40,从喻家湖路到珞狮路,161
2026-04-27 18:58:25,2,缓行,36.2,87.50%,12.50%,0.00%,民族大道,畅通,50,从雄楚大道到珞喻路,83
2026-04-27 18:58:25,2,缓行,36.2,87.50%,12.50%,0.00%,虎泉街,畅通,50,从雄楚大道到民族大道,2
2026-04-27 18:58:25,2,缓行,36.2,87.50%,12.50%,0.00%,虎泉街,畅通,25,从民族大道到卓刀泉南路,160
2026-04-27 18:58:25,2,缓行,36.2,87.50%,12.50%,0.00%,鲁磨路,畅通,30,从珞喻路到喻家山北路,67
2026-04-27 18:58:25,2,缓行,36.2,87.50%,12.50%,0.00%,鲁磨路,畅通,30,从团山路到珞喻路,243
2026-04-27 19:00:25,1,畅通,36.2,100.00%,0.00%,0.00%,珞喻路,畅通,35,从珞狮路到喻家湖路,341
2026-04-27 19:00:25,1,畅通,36.2,100.00%,0.00%,0.00%,珞喻路,畅通,40,从喻家湖路到珞狮路,161
2026-04-27 19:00:25,1,畅通,36.2,100.00%,0.00%,0.00%,民族大道,畅通,50,从雄楚大道到珞喻路,83
2026-04-27 19:00:25,1,畅通,36.2,100.00%,0.00%,0.00%,民族大道,畅通,30,从珞喻路到南湖大道,263
2026-04-27 19:00:25,1,畅通,36.2,100.00%,0.00%,0.00%,虎泉街,畅通,50,从雄楚大道到民族大道,2
2026-04-27 19:00:25,1,畅通,36.2,100.00%,0.00%,0.00%,虎泉街,畅通,30,从民族大道到卓刀泉南路,160
2026-04-27 19:00:25,1,畅通,36.2,100.00%,0.00%,0.00%,鲁磨路,畅通,25,从珞喻路到喻家山北路,67
2026-04-27 19:00:25,1,畅通,36.2,100.00%,0.00%,0.00%,鲁磨路,畅通,30,从团山路到珞喻路,243
2026-04-27 19:02:25,1,畅通,42.1,100.00%,0.00%,0.00%,珞喻路,畅通,35,从珞狮路到喻家湖路,341
2026-04-27 19:02:25,1,畅通,42.1,100.00%,0.00%,0.00%,珞喻路,畅通,40,从喻家湖路到珞狮路,161
2026-04-27 19:02:25,1,畅通,42.1,100.00%,0.00%,0.00%,民族大道,畅通,50,从雄楚大道到珞喻路,83
2026-04-27 19:02:25,1,畅通,42.1,100.00%,0.00%,0.00%,民族大道,畅通,35,从珞喻路到南湖大道,263
2026-04-27 19:02:25,1,畅通,42.1,100.00%,0.00%,0.00%,虎泉街,畅通,50,从雄楚大道到民族大道,2
2026-04-27 19:02:25,1,畅通,42.1,100.00%,0.00%,0.00%,虎泉街,畅通,30,从民族大道到卓刀泉南路,160
2026-04-27 19:02:25,1,畅通,42.1,100.00%,0.00%,0.00%,鲁磨路,畅通,30,从珞喻路到喻家山北路,67
2026-04-27 19:02:25,1,畅通,42.1,100.00%,0.00%,0.00%,鲁磨路,畅通,30,从团山路到珞喻路,243
2026-04-27 19:04:26,2,缓行,33.9,77.78%,22.22%,0.00%,珞喻路,畅通,35,从珞狮路到喻家湖路,341
2026-04-27 19:04:26,2,缓行,33.9,77.78%,22.22%,0.00%,珞喻路,畅通,40,从喻家湖路到珞狮路,161
2026-04-27 19:04:26,2,缓行,33.9,77.78%,22.22%,0.00%,民族大道,畅通,50,从雄楚大道到珞喻路,83
2026-04-27 19:04:26,2,缓行,33.9,77.78%,22.22%,0.00%,民族大道,畅通,35,从珞喻路到南湖大道,263
2026-04-27 19:04:26,2,缓行,33.9,77.78%,22.22%,0.00%,虎泉街,畅通,50,从雄楚大道到民族大道,2
2026-04-27 19:04:26,2,缓行,33.9,77.78%,22.22%,0.00%,鲁磨路,畅通,25,从珞喻路到喻家山北路,67
2026-04-27 19:04:26,2,缓行,33.9,77.78%,22.22%,0.00%,鲁磨路,畅通,30,从团山路到珞喻路,243
2026-04-27 19:06:26,2,缓行,33.9,77.78%,22.22%,0.00%,珞喻路,畅通,35,从珞狮路到喻家湖路,341
2026-04-27 19:06:26,2,缓行,33.9,77.78%,22.22%,0.00%,珞喻路,畅通,40,从喻家湖路到珞狮路,161
2026-04-27 19:06:26,2,缓行,33.9,77.78%,22.22%,0.00%,民族大道,畅通,50,从雄楚大道到珞喻路,83
2026-04-27 19:06:26,2,缓行,33.9,77.78%,22.22%,0.00%,民族大道,畅通,35,从珞喻路到南湖大道,263
2026-04-27 19:06:26,2,缓行,33.9,77.78%,22.22%,0.00%,虎泉街,畅通,50,从雄楚大道到民族大道,2
2026-04-27 19:06:26,2,缓行,33.9,77.78%,22.22%,0.00%,鲁磨路,畅通,30,从珞喻路到喻家山北路,67
2026-04-27 19:06:26,2,缓行,33.9,77.78%,22.22%,0.00%,鲁磨路,畅通,30,从团山路到珞喻路,243
2026-04-27 19:08:26,2,缓行,33.3,77.78%,22.22%,0.00%,珞喻路,畅通,35,从珞狮路到喻家湖路,341
2026-04-27 19:08:26,2,缓行,33.3,77.78%,22.22%,0.00%,珞喻路,畅通,40,从喻家湖路到珞狮路,161
2026-04-27 19:08:26,2,缓行,33.3,77.78%,22.22%,0.00%,民族大道,畅通,50,从雄楚大道到珞喻路,83
2026-04-27 19:08:26,2,缓行,33.3,77.78%,22.22%,0.00%,虎泉街,畅通,50,从雄楚大道到民族大道,2
2026-04-27 19:08:26,2,缓行,33.3,77.78%,22.22%,0.00%,虎泉街,畅通,25,从民族大道到卓刀泉南路,160
2026-04-27 19:08:26,2,缓行,33.3,77.78%,22.22%,0.00%,鲁磨路,畅通,30,从珞喻路到喻家山北路,67
2026-04-27 19:08:26,2,缓行,33.3,77.78%,22.22%,0.00%,鲁磨路,畅通,30,从团山路到珞喻路,243
2026-04-27 19:10:26,2,缓行,33.3,77.78%,22.22%,0.00%,珞喻路,畅通,35,从珞狮路到喻家湖路,341
2026-04-27 19:10:26,2,缓行,33.3,77.78%,22.22%,0.00%,珞喻路,畅通,40,从喻家湖路到珞狮路,161
2026-04-27 19:10:26,2,缓行,33.3,77.78%,22.22%,0.00%,民族大道,畅通,50,从雄楚大道到珞喻路,83
2026-04-27 19:10:26,2,缓行,33.3,77.78%,22.22%,0.00%,虎泉街,畅通,50,从雄楚大道到民族大道,2
2026-04-27 19:10:26,2,缓行,33.3,77.78%,22.22%,0.00%,虎泉街,畅通,25,从民族大道到卓刀泉南路,160
2026-04-27 19:10:26,2,缓行,33.3,77.78%,22.22%,0.00%,鲁磨路,畅通,30,从珞喻路到喻家山北路,67
2026-04-27 19:10:26,2,缓行,33.3,77.78%,22.22%,0.00%,鲁磨路,畅通,30,从团山路到珞喻路,243
2026-04-27 19:12:26,2,缓行,34.8,77.78%,22.22%,0.00%,珞喻路,畅通,40,从珞狮路到喻家湖路,341
2026-04-27 19:12:26,2,缓行,34.8,77.78%,22.22%,0.00%,珞喻路,畅通,45,从喻家湖路到珞狮路,161
2026-04-27 19:12:26,2,缓行,34.8,77.78%,22.22%,0.00%,民族大道,畅通,50,从雄楚大道到珞喻路,83
2026-04-27 19:12:26,2,缓行,34.8,77.78%,22.22%,0.00%,民族大道,畅通,33,从珞喻路到大学园路,258
2026-04-27 19:12:26,2,缓行,34.8,77.78%,22.22%,0.00%,虎泉街,畅通,50,从雄楚大道到民族大道,2
2026-04-27 19:12:26,2,缓行,34.8,77.78%,22.22%,0.00%,鲁磨路,畅通,30,从珞喻路到喻家山北路,67
2026-04-27 19:12:26,2,缓行,34.8,77.78%,22.22%,0.00%,鲁磨路,畅通,30,从团山路到珞喻路,243
2026-04-27 19:14:26,2,缓行,35.1,88.89%,11.11%,0.00%,珞喻路,畅通,40,从珞狮路到喻家湖路,341
2026-04-27 19:14:26,2,缓行,35.1,88.89%,11.11%,0.00%,珞喻路,畅通,40,从喻家湖路到珞狮路,161
2026-04-27 19:14:26,2,缓行,35.1,88.89%,11.11%,0.00%,民族大道,畅通,50,从雄楚大道到珞喻路,83
2026-04-27 19:14:26,2,缓行,35.1,88.89%,11.11%,0.00%,民族大道,畅通,36,从珞喻路到大学园路,258
2026-04-27 19:14:26,2,缓行,35.1,88.89%,11.11%,0.00%,虎泉街,畅通,50,从雄楚大道到民族大道,2
2026-04-27 19:14:26,2,缓行,35.1,88.89%,11.11%,0.00%,虎泉街,畅通,25,从民族大道到卓刀泉南路,160
2026-04-27 19:14:26,2,缓行,35.1,88.89%,11.11%,0.00%,鲁磨路,畅通,30,从珞喻路到喻家山北路,67
2026-04-27 19:14:26,2,缓行,35.1,88.89%,11.11%,0.00%,鲁磨路,畅通,30,从团山路到珞喻路,243
2026-04-27 19:16:27,2,缓行,35.4,88.89%,11.11%,0.00%,珞喻路,畅通,40,从珞狮路到喻家湖路,341
2026-04-27 19:16:27,2,缓行,35.4,88.89%,11.11%,0.00%,珞喻路,畅通,40,从喻家湖路到珞狮路,161
2026-04-27 19:16:27,2,缓行,35.4,88.89%,11.11%,0.00%,民族大道,畅通,50,从雄楚大道到珞喻路,83
2026-04-27 19:16:27,2,缓行,35.4,88.89%,11.11%,0.00%,民族大道,畅通,33,从珞喻路到大学园路,258
2026-04-27 19:16:27,2,缓行,35.4,88.89%,11.11%,0.00%,虎泉街,畅通,50,从雄楚大道到民族大道,2
2026-04-27 19:16:27,2,缓行,35.4,88.89%,11.11%,0.00%,虎泉街,畅通,25,从民族大道到卓刀泉南路,160
2026-04-27 19:16:27,2,缓行,35.4,88.89%,11.11%,0.00%,鲁磨路,畅通,30,从珞喻路到喻家山北路,67
2026-04-27 19:16:27,2,缓行,35.4,88.89%,11.11%,0.00%,鲁磨路,畅通,30,从团山路到珞喻路,243
2026-04-27 19:18:27,1,畅通,37.8,100.00%,0.00%,0.00%,珞喻路,畅通,40,从珞狮路到喻家湖路,341
2026-04-27 19:18:27,1,畅通,37.8,100.00%,0.00%,0.00%,珞喻路,畅通,40,从喻家湖路到珞狮路,161
2026-04-27 19:18:27,1,畅通,37.8,100.00%,0.00%,0.00%,民族大道,畅通,50,从雄楚大道到珞喻路,83
2026-04-27 19:18:27,1,畅通,37.8,100.00%,0.00%,0.00%,民族大道,畅通,37,从珞喻路到大学园路,258
2026-04-27 19:18:27,1,畅通,37.8,100.00%,0.00%,0.00%,虎泉街,畅通,50,从雄楚大道到民族大道,2
2026-04-27 19:18:27,1,畅通,37.8,100.00%,0.00%,0.00%,虎泉街,畅通,25,从民族大道到卓刀泉南路,160
2026-04-27 19:18:27,1,畅通,37.8,100.00%,0.00%,0.00%,鲁磨路,畅通,30,从珞喻路到喻家山北路,67
2026-04-27 19:18:27,1,畅通,37.8,100.00%,0.00%,0.00%,鲁磨路,畅通,30,从团山路到珞喻路,243
2026-04-27 19:20:27,1,畅通,38.2,100.00%,0.00%,0.00%,珞喻路,畅通,40,从珞狮路到喻家湖路,341
2026-04-27 19:20:27,1,畅通,38.2,100.00%,0.00%,0.00%,珞喻路,畅通,40,从喻家湖路到珞狮路,161
2026-04-27 19:20:27,1,畅通,38.2,100.00%,0.00%,0.00%,民族大道,畅通,50,从雄楚大道到珞喻路,83
2026-04-27 19:20:27,1,畅通,38.2,100.00%,0.00%,0.00%,民族大道,畅通,36,从珞喻路到大学园路,258
2026-04-27 19:20:27,1,畅通,38.2,100.00%,0.00%,0.00%,虎泉街,畅通,50,从雄楚大道到民族大道,2
2026-04-27 19:20:27,1,畅通,38.2,100.00%,0.00%,0.00%,虎泉街,畅通,30,从民族大道到卓刀泉南路,160
2026-04-27 19:20:27,1,畅通,38.2,100.00%,0.00%,0.00%,鲁磨路,畅通,30,从珞喻路到喻家山北路,67
2026-04-27 19:20:27,1,畅通,38.2,100.00%,0.00%,0.00%,鲁磨路,畅通,30,从团山路到珞喻路,243
2026-04-27 19:22:27,1,畅通,38.2,100.00%,0.00%,0.00%,珞喻路,畅通,40,从珞狮路到喻家湖路,341
2026-04-27 19:22:27,1,畅通,38.2,100.00%,0.00%,0.00%,珞喻路,畅通,40,从喻家湖路到珞狮路,161
2026-04-27 19:22:27,1,畅通,38.2,100.00%,0.00%,0.00%,民族大道,畅通,50,从雄楚大道到珞喻路,83
2026-04-27 19:22:27,1,畅通,38.2,100.00%,0.00%,0.00%,民族大道,畅通,36,从珞喻路到大学园路,258
2026-04-27 19:22:27,1,畅通,38.2,100.00%,0.00%,0.00%,虎泉街,畅通,50,从雄楚大道到民族大道,2
2026-04-27 19:22:27,1,畅通,38.2,100.00%,0.00%,0.00%,虎泉街,畅通,30,从民族大道到卓刀泉南路,160
2026-04-27 19:22:27,1,畅通,38.2,100.00%,0.00%,0.00%,鲁磨路,畅通,30,从珞喻路到喻家山北路,67
2026-04-27 19:22:27,1,畅通,38.2,100.00%,0.00%,0.00%,鲁磨路,畅通,30,从团山路到珞喻路,243
2026-04-27 19:24:28,1,畅通,37.1,100.00%,0.00%,0.00%,珞喻路,畅通,35,从珞狮路到喻家湖路,341
2026-04-27 19:24:28,1,畅通,37.1,100.00%,0.00%,0.00%,珞喻路,畅通,40,从喻家湖路到珞狮路,161
2026-04-27 19:24:28,1,畅通,37.1,100.00%,0.00%,0.00%,民族大道,畅通,50,从雄楚大道到珞喻路,83
2026-04-27 19:24:28,1,畅通,37.1,100.00%,0.00%,0.00%,民族大道,畅通,32,从珞喻路到大学园路,258
2026-04-27 19:24:28,1,畅通,37.1,100.00%,0.00%,0.00%,虎泉街,畅通,50,从雄楚大道到民族大道,2
2026-04-27 19:24:28,1,畅通,37.1,100.00%,0.00%,0.00%,虎泉街,畅通,25,从民族大道到卓刀泉南路,160
2026-04-27 19:24:28,1,畅通,37.1,100.00%,0.00%,0.00%,鲁磨路,畅通,30,从珞喻路到喻家山北路,67
2026-04-27 19:24:28,1,畅通,37.1,100.00%,0.00%,0.00%,鲁磨路,畅通,35,从团山路到珞喻路,243
2026-04-27 19:26:28,1,畅通,37.1,100.00%,0.00%,0.00%,珞喻路,畅通,35,从珞狮路到喻家湖路,341
2026-04-27 19:26:28,1,畅通,37.1,100.00%,0.00%,0.00%,珞喻路,畅通,40,从喻家湖路到珞狮路,161
2026-04-27 19:26:28,1,畅通,37.1,100.00%,0.00%,0.00%,民族大道,畅通,50,从雄楚大道到珞喻路,83
2026-04-27 19:26:28,1,畅通,37.1,100.00%,0.00%,0.00%,民族大道,畅通,32,从珞喻路到大学园路,258
2026-04-27 19:26:28,1,畅通,37.1,100.00%,0.00%,0.00%,虎泉街,畅通,50,从雄楚大道到民族大道,2
2026-04-27 19:26:28,1,畅通,37.1,100.00%,0.00%,0.00%,虎泉街,畅通,25,从民族大道到卓刀泉南路,160
2026-04-27 19:26:28,1,畅通,37.1,100.00%,0.00%,0.00%,鲁磨路,畅通,30,从珞喻路到喻家山北路,67
2026-04-27 19:26:28,1,畅通,37.1,100.00%,0.00%,0.00%,鲁磨路,畅通,35,从团山路到珞喻路,243
2026-04-27 19:28:28,1,畅通,35.8,100.00%,0.00%,0.00%,珞喻路,畅通,40,从珞狮路到喻家湖路,341
2026-04-27 19:28:28,1,畅通,35.8,100.00%,0.00%,0.00%,珞喻路,畅通,45,从喻家湖路到珞狮路,161
2026-04-27 19:28:28,1,畅通,35.8,100.00%,0.00%,0.00%,民族大道,畅通,50,从雄楚大道到珞喻路,83
2026-04-27 19:28:28,1,畅通,35.8,100.00%,0.00%,0.00%,民族大道,畅通,36,从珞喻路到大学园路,258
2026-04-27 19:28:28,1,畅通,35.8,100.00%,0.00%,0.00%,虎泉街,畅通,30,从卓刀泉南路到民族大道,341
2026-04-27 19:28:28,1,畅通,35.8,100.00%,0.00%,0.00%,虎泉街,畅通,25,从民族大道到卓刀泉南路,160
2026-04-27 19:28:28,1,畅通,35.8,100.00%,0.00%,0.00%,鲁磨路,畅通,30,从珞喻路到喻家山北路,67
2026-04-27 19:28:28,1,畅通,35.8,100.00%,0.00%,0.00%,鲁磨路,畅通,30,从团山路到珞喻路,243
2026-04-27 19:30:28,2,缓行,35.0,87.50%,12.50%,0.00%,珞喻路,畅通,40,从珞狮路到喻家湖路,341
2026-04-27 19:30:28,2,缓行,35.0,87.50%,12.50%,0.00%,珞喻路,畅通,45,从喻家湖路到珞狮路,161
2026-04-27 19:30:28,2,缓行,35.0,87.50%,12.50%,0.00%,民族大道,畅通,50,从雄楚大道到珞喻路,83
2026-04-27 19:30:28,2,缓行,35.0,87.50%,12.50%,0.00%,虎泉街,畅通,30,从卓刀泉南路到民族大道,341
2026-04-27 19:30:28,2,缓行,35.0,87.50%,12.50%,0.00%,虎泉街,畅通,30,从民族大道到卓刀泉南路,160
2026-04-27 19:30:28,2,缓行,35.0,87.50%,12.50%,0.00%,鲁磨路,畅通,30,从珞喻路到喻家山北路,67
2026-04-27 19:30:28,2,缓行,35.0,87.50%,12.50%,0.00%,鲁磨路,畅通,30,从团山路到珞喻路,243
2026-04-27 19:32:28,1,畅通,34.6,100.00%,0.00%,0.00%,珞喻路,畅通,40,从珞狮路到喻家湖路,341
2026-04-27 19:32:28,1,畅通,34.6,100.00%,0.00%,0.00%,珞喻路,畅通,40,从喻家湖路到珞狮路,161
2026-04-27 19:32:28,1,畅通,34.6,100.00%,0.00%,0.00%,民族大道,畅通,50,从雄楚大道到珞喻路,83
2026-04-27 19:32:28,1,畅通,34.6,100.00%,0.00%,0.00%,民族大道,畅通,32,从珞喻路到大学园路,258
2026-04-27 19:32:28,1,畅通,34.6,100.00%,0.00%,0.00%,虎泉街,畅通,30,从卓刀泉南路到民族大道,341
2026-04-27 19:32:28,1,畅通,34.6,100.00%,0.00%,0.00%,虎泉街,畅通,25,从民族大道到卓刀泉南路,160
2026-04-27 19:32:28,1,畅通,34.6,100.00%,0.00%,0.00%,鲁磨路,畅通,30,从珞喻路到喻家山北路,67
2026-04-27 19:32:28,1,畅通,34.6,100.00%,0.00%,0.00%,鲁磨路,畅通,30,从团山路到珞喻路,243
2026-04-27 19:34:29,1,畅通,35.2,100.00%,0.00%,0.00%,珞喻路,畅通,40,从珞狮路到喻家湖路,341
2026-04-27 19:34:29,1,畅通,35.2,100.00%,0.00%,0.00%,珞喻路,畅通,40,从喻家湖路到珞狮路,161
2026-04-27 19:34:29,1,畅通,35.2,100.00%,0.00%,0.00%,民族大道,畅通,50,从雄楚大道到珞喻路,83
2026-04-27 19:34:29,1,畅通,35.2,100.00%,0.00%,0.00%,民族大道,畅通,32,从珞喻路到大学园路,258
2026-04-27 19:34:29,1,畅通,35.2,100.00%,0.00%,0.00%,虎泉街,畅通,30,从卓刀泉南路到民族大道,341
2026-04-27 19:34:29,1,畅通,35.2,100.00%,0.00%,0.00%,虎泉街,畅通,30,从民族大道到卓刀泉南路,160
2026-04-27 19:34:29,1,畅通,35.2,100.00%,0.00%,0.00%,鲁磨路,畅通,30,从珞喻路到喻家山北路,67
2026-04-27 19:34:29,1,畅通,35.2,100.00%,0.00%,0.00%,鲁磨路,畅通,30,从团山路到珞喻路,243
2026-04-27 19:36:29,1,畅通,35.8,100.00%,0.00%,0.00%,珞喻路,畅通,35,从珞狮路到喻家湖路,341
2026-04-27 19:36:29,1,畅通,35.8,100.00%,0.00%,0.00%,珞喻路,畅通,40,从喻家湖路到珞狮路,161
2026-04-27 19:36:29,1,畅通,35.8,100.00%,0.00%,0.00%,民族大道,畅通,50,从雄楚大道到珞喻路,83
2026-04-27 19:36:29,1,畅通,35.8,100.00%,0.00%,0.00%,民族大道,畅通,36,从珞喻路到大学园路,258
2026-04-27 19:36:29,1,畅通,35.8,100.00%,0.00%,0.00%,虎泉街,畅通,30,从卓刀泉南路到民族大道,341
2026-04-27 19:36:29,1,畅通,35.8,100.00%,0.00%,0.00%,虎泉街,畅通,30,从民族大道到卓刀泉南路,160
2026-04-27 19:36:29,1,畅通,35.8,100.00%,0.00%,0.00%,鲁磨路,畅通,30,从珞喻路到喻家山北路,67
2026-04-27 19:36:29,1,畅通,35.8,100.00%,0.00%,0.00%,鲁磨路,畅通,35,从团山路到珞喻路,243
2026-04-27 19:38:29,1,畅通,35.8,100.00%,0.00%,0.00%,珞喻路,畅通,40,从珞狮路到喻家湖路,341
2026-04-27 19:38:29,1,畅通,35.8,100.00%,0.00%,0.00%,珞喻路,畅通,40,从喻家湖路到珞狮路,161
2026-04-27 19:38:29,1,畅通,35.8,100.00%,0.00%,0.00%,民族大道,畅通,50,从雄楚大道到珞喻路,83
2026-04-27 19:38:29,1,畅通,35.8,100.00%,0.00%,0.00%,民族大道,畅通,36,从珞喻路到大学园路,258
2026-04-27 19:38:29,1,畅通,35.8,100.00%,0.00%,0.00%,虎泉街,畅通,30,从卓刀泉南路到民族大道,341
2026-04-27 19:38:29,1,畅通,35.8,100.00%,0.00%,0.00%,虎泉街,畅通,30,从民族大道到卓刀泉南路,160
2026-04-27 19:38:29,1,畅通,35.8,100.00%,0.00%,0.00%,鲁磨路,畅通,30,从珞喻路到喻家山北路,67
2026-04-27 19:38:29,1,畅通,35.8,100.00%,0.00%,0.00%,鲁磨路,畅通,30,从团山路到珞喻路,243
2026-04-27 19:40:29,1,畅通,35.9,100.00%,0.00%,0.00%,珞喻路,畅通,40,从珞狮路到喻家湖路,341
2026-04-27 19:40:29,1,畅通,35.9,100.00%,0.00%,0.00%,珞喻路,畅通,40,从喻家湖路到珞狮路,161
2026-04-27 19:40:29,1,畅通,35.9,100.00%,0.00%,0.00%,民族大道,畅通,50,从雄楚大道到珞喻路,83
2026-04-27 19:40:29,1,畅通,35.9,100.00%,0.00%,0.00%,民族大道,畅通,37,从珞喻路到大学园路,258
2026-04-27 19:40:29,1,畅通,35.9,100.00%,0.00%,0.00%,虎泉街,畅通,30,从卓刀泉南路到民族大道,341
2026-04-27 19:40:29,1,畅通,35.9,100.00%,0.00%,0.00%,虎泉街,畅通,30,从民族大道到卓刀泉南路,160
2026-04-27 19:40:29,1,畅通,35.9,100.00%,0.00%,0.00%,鲁磨路,畅通,30,从珞喻路到喻家山北路,67
2026-04-27 19:40:29,1,畅通,35.9,100.00%,0.00%,0.00%,鲁磨路,畅通,30,从团山路到珞喻路,243
2026-04-27 19:42:29,1,畅通,35.9,100.00%,0.00%,0.00%,珞喻路,畅通,40,从珞狮路到喻家湖路,341
2026-04-27 19:42:29,1,畅通,35.9,100.00%,0.00%,0.00%,珞喻路,畅通,40,从喻家湖路到珞狮路,161
2026-04-27 19:42:29,1,畅通,35.9,100.00%,0.00%,0.00%,民族大道,畅通,50,从雄楚大道到珞喻路,83
2026-04-27 19:42:29,1,畅通,35.9,100.00%,0.00%,0.00%,民族大道,畅通,37,从珞喻路到大学园路,258
2026-04-27 19:42:29,1,畅通,35.9,100.00%,0.00%,0.00%,虎泉街,畅通,30,从卓刀泉南路到民族大道,341
2026-04-27 19:42:29,1,畅通,35.9,100.00%,0.00%,0.00%,虎泉街,畅通,30,从民族大道到卓刀泉南路,160
2026-04-27 19:42:29,1,畅通,35.9,100.00%,0.00%,0.00%,鲁磨路,畅通,30,从珞喻路到喻家山北路,67
2026-04-27 19:42:29,1,畅通,35.9,100.00%,0.00%,0.00%,鲁磨路,畅通,30,从团山路到珞喻路,243
2026-04-27 19:44:30,1,畅通,38.2,100.00%,0.00%,0.00%,珞喻路,畅通,40,从珞狮路到喻家湖路,341
2026-04-27 19:44:30,1,畅通,38.2,100.00%,0.00%,0.00%,珞喻路,畅通,40,从喻家湖路到珞狮路,161
2026-04-27 19:44:30,1,畅通,38.2,100.00%,0.00%,0.00%,民族大道,畅通,50,从雄楚大道到珞喻路,83
2026-04-27 19:44:30,1,畅通,38.2,100.00%,0.00%,0.00%,民族大道,畅通,36,从珞喻路到大学园路,258
2026-04-27 19:44:30,1,畅通,38.2,100.00%,0.00%,0.00%,虎泉街,畅通,50,从雄楚大道到民族大道,2
2026-04-27 19:44:30,1,畅通,38.2,100.00%,0.00%,0.00%,虎泉街,畅通,30,从民族大道到卓刀泉南路,160
2026-04-27 19:44:30,1,畅通,38.2,100.00%,0.00%,0.00%,鲁磨路,畅通,30,从珞喻路到喻家山北路,67
2026-04-27 19:44:30,1,畅通,38.2,100.00%,0.00%,0.00%,鲁磨路,畅通,30,从团山路到珞喻路,243
2026-04-27 19:46:30,1,畅通,34.6,100.00%,0.00%,0.00%,珞喻路,畅通,40,从珞狮路到喻家湖路,341
2026-04-27 19:46:30,1,畅通,34.6,100.00%,0.00%,0.00%,珞喻路,畅通,40,从喻家湖路到珞狮路,161
2026-04-27 19:46:30,1,畅通,34.6,100.00%,0.00%,0.00%,民族大道,畅通,50,从雄楚大道到珞喻路,83
2026-04-27 19:46:30,1,畅通,34.6,100.00%,0.00%,0.00%,民族大道,畅通,37,从珞喻路到大学园路,258
2026-04-27 19:46:30,1,畅通,34.6,100.00%,0.00%,0.00%,虎泉街,畅通,25,从卓刀泉南路到民族大道,341
2026-04-27 19:46:30,1,畅通,34.6,100.00%,0.00%,0.00%,虎泉街,畅通,25,从民族大道到卓刀泉南路,160
2026-04-27 19:46:30,1,畅通,34.6,100.00%,0.00%,0.00%,鲁磨路,畅通,30,从珞喻路到喻家山北路,67
2026-04-27 19:46:30,1,畅通,34.6,100.00%,0.00%,0.00%,鲁磨路,畅通,30,从团山路到珞喻路,243
2026-04-27 19:48:30,1,畅通,34.6,100.00%,0.00%,0.00%,珞喻路,畅通,40,从珞狮路到喻家湖路,341
2026-04-27 19:48:30,1,畅通,34.6,100.00%,0.00%,0.00%,珞喻路,畅通,40,从喻家湖路到珞狮路,161
2026-04-27 19:48:30,1,畅通,34.6,100.00%,0.00%,0.00%,民族大道,畅通,50,从雄楚大道到珞喻路,83
2026-04-27 19:48:30,1,畅通,34.6,100.00%,0.00%,0.00%,民族大道,畅通,37,从珞喻路到大学园路,258
2026-04-27 19:48:30,1,畅通,34.6,100.00%,0.00%,0.00%,虎泉街,畅通,25,从卓刀泉南路到民族大道,341
2026-04-27 19:48:30,1,畅通,34.6,100.00%,0.00%,0.00%,虎泉街,畅通,25,从民族大道到卓刀泉南路,160
2026-04-27 19:48:30,1,畅通,34.6,100.00%,0.00%,0.00%,鲁磨路,畅通,30,从珞喻路到喻家山北路,67
2026-04-27 19:48:30,1,畅通,34.6,100.00%,0.00%,0.00%,鲁磨路,畅通,30,从团山路到珞喻路,243
